SK_DATE,DATE_VALUE,YEAR,QUARTER,MONTH,MONTH_NAME,WEEK_OF_YEAR,DAY_OF_WEEK,IS_WEEKEND
20240101,2024-01-01,2024,1,1,Jan,1,Mon,False
20240102,2024-01-02,2024,1,1,Jan,1,Tue,False
20240103,2024-01-03,2024,1,1,Jan,1,Wed,False
20240104,2024-01-04,2024,1,1,Jan,1,Thu,False
20240105,2024-01-05,2024,1,1,Jan,1,Fri,False
20240106,2024-01-06,2024,1,1,Jan,1,Sat,True
20240107,2024-01-07,2024,1,1,Jan,1,Sun,True
20240108,2024-01-08,2024,1,1,Jan,2,Mon,False
20240109,2024-01-09,2024,1,1,Jan,2,Tue,False
20240110,2024-01-10,2024,1,1,Jan,2,Wed,False
20240111,2024-01-11,2024,1,1,Jan,2,Thu,False
20240112,2024-01-12,2024,1,1,Jan,2,Fri,False
20240113,2024-01-13,2024,1,1,Jan,2,Sat,True
20240114,2024-01-14,2024,1,1,Jan,2,Sun,True
20240115,2024-01-15,2024,1,1,Jan,3,Mon,False
20240116,2024-01-16,2024,1,1,Jan,3,Tue,False
20240117,2024-01-17,2024,1,1,Jan,3,Wed,False
20240118,2024-01-18,2024,1,1,Jan,3,Thu,False
20240119,2024-01-19,2024,1,1,Jan,3,Fri,False
20240120,2024-01-20,2024,1,1,Jan,3,Sat,True
20240121,2024-01-21,2024,1,1,Jan,3,Sun,True
20240122,2024-01-22,2024,1,1,Jan,4,Mon,False
20240123,2024-01-23,2024,1,1,Jan,4,Tue,False
20240124,2024-01-24,2024,1,1,Jan,4,Wed,False
20240125,2024-01-25,2024,1,1,Jan,4,Thu,False
20240126,2024-01-26,2024,1,1,Jan,4,Fri,False
20240127,2024-01-27,2024,1,1,Jan,4,Sat,True
20240128,2024-01-28,2024,1,1,Jan,4,Sun,True
20240129,2024-01-29,2024,1,1,Jan,5,Mon,False
20240130,2024-01-30,2024,1,1,Jan,5,Tue,False
20240131,2024-01-31,2024,1,1,Jan,5,Wed,False
20240201,2024-02-01,2024,1,2,Feb,5,Thu,False
20240202,2024-02-02,2024,1,2,Feb,5,Fri,False
20240203,2024-02-03,2024,1,2,Feb,5,Sat,True
20240204,2024-02-04,2024,1,2,Feb,5,Sun,True
20240205,2024-02-05,2024,1,2,Feb,6,Mon,False
20240206,2024-02-06,2024,1,2,Feb,6,Tue,False
20240207,2024-02-07,2024,1,2,Feb,6,Wed,False
20240208,2024-02-08,2024,1,2,Feb,6,Thu,False
20240209,2024-02-09,2024,1,2,Feb,6,Fri,False
20240210,2024-02-10,2024,1,2,Feb,6,Sat,True
20240211,2024-02-11,2024,1,2,Feb,6,Sun,True
20240212,2024-02-12,2024,1,2,Feb,7,Mon,False
20240213,2024-02-13,2024,1,2,Feb,7,Tue,False
20240214,2024-02-14,2024,1,2,Feb,7,Wed,False
20240215,2024-02-15,2024,1,2,Feb,7,Thu,False
20240216,2024-02-16,2024,1,2,Feb,7,Fri,False
20240217,2024-02-17,2024,1,2,Feb,7,Sat,True
20240218,2024-02-18,2024,1,2,Feb,7,Sun,True
20240219,2024-02-19,2024,1,2,Feb,8,Mon,False
20240220,2024-02-20,2024,1,2,Feb,8,Tue,False
20240221,2024-02-21,2024,1,2,Feb,8,Wed,False
20240222,2024-02-22,2024,1,2,Feb,8,Thu,False
20240223,2024-02-23,2024,1,2,Feb,8,Fri,False
20240224,2024-02-24,2024,1,2,Feb,8,Sat,True
20240225,2024-02-25,2024,1,2,Feb,8,Sun,True
20240226,2024-02-26,2024,1,2,Feb,9,Mon,False
20240227,2024-02-27,2024,1,2,Feb,9,Tue,False
20240228,2024-02-28,2024,1,2,Feb,9,Wed,False
20240229,2024-02-29,2024,1,2,Feb,9,Thu,False
20240301,2024-03-01,2024,1,3,Mar,9,Fri,False
20240302,2024-03-02,2024,1,3,Mar,9,Sat,True
20240303,2024-03-03,2024,1,3,Mar,9,Sun,True
20240304,2024-03-04,2024,1,3,Mar,10,Mon,False
20240305,2024-03-05,2024,1,3,Mar,10,Tue,False
20240306,2024-03-06,2024,1,3,Mar,10,Wed,False
20240307,2024-03-07,2024,1,3,Mar,10,Thu,False
20240308,2024-03-08,2024,1,3,Mar,10,Fri,False
20240309,2024-03-09,2024,1,3,Mar,10,Sat,True
20240310,2024-03-10,2024,1,3,Mar,10,Sun,True
20240311,2024-03-11,2024,1,3,Mar,11,Mon,False
20240312,2024-03-12,2024,1,3,Mar,11,Tue,False
20240313,2024-03-13,2024,1,3,Mar,11,Wed,False
20240314,2024-03-14,2024,1,3,Mar,11,Thu,False
20240315,2024-03-15,2024,1,3,Mar,11,Fri,False
20240316,2024-03-16,2024,1,3,Mar,11,Sat,True
20240317,2024-03-17,2024,1,3,Mar,11,Sun,True
20240318,2024-03-18,2024,1,3,Mar,12,Mon,False
20240319,2024-03-19,2024,1,3,Mar,12,Tue,False
20240320,2024-03-20,2024,1,3,Mar,12,Wed,False
20240321,2024-03-21,2024,1,3,Mar,12,Thu,False
20240322,2024-03-22,2024,1,3,Mar,12,Fri,False
20240323,2024-03-23,2024,1,3,Mar,12,Sat,True
20240324,2024-03-24,2024,1,3,Mar,12,Sun,True
20240325,2024-03-25,2024,1,3,Mar,13,Mon,False
20240326,2024-03-26,2024,1,3,Mar,13,Tue,False
20240327,2024-03-27,2024,1,3,Mar,13,Wed,False
20240328,2024-03-28,2024,1,3,Mar,13,Thu,False
20240329,2024-03-29,2024,1,3,Mar,13,Fri,False
20240330,2024-03-30,2024,1,3,Mar,13,Sat,True
20240331,2024-03-31,2024,1,3,Mar,13,Sun,True
20240401,2024-04-01,2024,2,4,Apr,14,Mon,False
20240402,2024-04-02,2024,2,4,Apr,14,Tue,False
20240403,2024-04-03,2024,2,4,Apr,14,Wed,False
20240404,2024-04-04,2024,2,4,Apr,14,Thu,False
20240405,2024-04-05,2024,2,4,Apr,14,Fri,False
20240406,2024-04-06,2024,2,4,Apr,14,Sat,True
20240407,2024-04-07,2024,2,4,Apr,14,Sun,True
20240408,2024-04-08,2024,2,4,Apr,15,Mon,False
20240409,2024-04-09,2024,2,4,Apr,15,Tue,False
20240410,2024-04-10,2024,2,4,Apr,15,Wed,False
20240411,2024-04-11,2024,2,4,Apr,15,Thu,False
20240412,2024-04-12,2024,2,4,Apr,15,Fri,False
20240413,2024-04-13,2024,2,4,Apr,15,Sat,True
20240414,2024-04-14,2024,2,4,Apr,15,Sun,True
20240415,2024-04-15,2024,2,4,Apr,16,Mon,False
20240416,2024-04-16,2024,2,4,Apr,16,Tue,False
20240417,2024-04-17,2024,2,4,Apr,16,Wed,False
20240418,2024-04-18,2024,2,4,Apr,16,Thu,False
20240419,2024-04-19,2024,2,4,Apr,16,Fri,False
20240420,2024-04-20,2024,2,4,Apr,16,Sat,True
20240421,2024-04-21,2024,2,4,Apr,16,Sun,True
20240422,2024-04-22,2024,2,4,Apr,17,Mon,False
20240423,2024-04-23,2024,2,4,Apr,17,Tue,False
20240424,2024-04-24,2024,2,4,Apr,17,Wed,False
20240425,2024-04-25,2024,2,4,Apr,17,Thu,False
20240426,2024-04-26,2024,2,4,Apr,17,Fri,False
20240427,2024-04-27,2024,2,4,Apr,17,Sat,True
20240428,2024-04-28,2024,2,4,Apr,17,Sun,True
20240429,2024-04-29,2024,2,4,Apr,18,Mon,False
20240430,2024-04-30,2024,2,4,Apr,18,Tue,False
20240501,2024-05-01,2024,2,5,May,18,Wed,False
20240502,2024-05-02,2024,2,5,May,18,Thu,False
20240503,2024-05-03,2024,2,5,May,18,Fri,False
20240504,2024-05-04,2024,2,5,May,18,Sat,True
20240505,2024-05-05,2024,2,5,May,18,Sun,True
20240506,2024-05-06,2024,2,5,May,19,Mon,False
20240507,2024-05-07,2024,2,5,May,19,Tue,False
20240508,2024-05-08,2024,2,5,May,19,Wed,False
20240509,2024-05-09,2024,2,5,May,19,Thu,False
20240510,2024-05-10,2024,2,5,May,19,Fri,False
20240511,2024-05-11,2024,2,5,May,19,Sat,True
20240512,2024-05-12,2024,2,5,May,19,Sun,True
20240513,2024-05-13,2024,2,5,May,20,Mon,False
20240514,2024-05-14,2024,2,5,May,20,Tue,False
20240515,2024-05-15,2024,2,5,May,20,Wed,False
20240516,2024-05-16,2024,2,5,May,20,Thu,False
20240517,2024-05-17,2024,2,5,May,20,Fri,False
20240518,2024-05-18,2024,2,5,May,20,Sat,True
20240519,2024-05-19,2024,2,5,May,20,Sun,True
20240520,2024-05-20,2024,2,5,May,21,Mon,False
20240521,2024-05-21,2024,2,5,May,21,Tue,False
20240522,2024-05-22,2024,2,5,May,21,Wed,False
20240523,2024-05-23,2024,2,5,May,21,Thu,False
20240524,2024-05-24,2024,2,5,May,21,Fri,False
20240525,2024-05-25,2024,2,5,May,21,Sat,True
20240526,2024-05-26,2024,2,5,May,21,Sun,True
20240527,2024-05-27,2024,2,5,May,22,Mon,False
20240528,2024-05-28,2024,2,5,May,22,Tue,False
20240529,2024-05-29,2024,2,5,May,22,Wed,False
20240530,2024-05-30,2024,2,5,May,22,Thu,False
20240531,2024-05-31,2024,2,5,May,22,Fri,False
20240601,2024-06-01,2024,2,6,Jun,22,Sat,True
20240602,2024-06-02,2024,2,6,Jun,22,Sun,True
20240603,2024-06-03,2024,2,6,Jun,23,Mon,False
20240604,2024-06-04,2024,2,6,Jun,23,Tue,False
20240605,2024-06-05,2024,2,6,Jun,23,Wed,False
20240606,2024-06-06,2024,2,6,Jun,23,Thu,False
20240607,2024-06-07,2024,2,6,Jun,23,Fri,False
20240608,2024-06-08,2024,2,6,Jun,23,Sat,True
20240609,2024-06-09,2024,2,6,Jun,23,Sun,True
20240610,2024-06-10,2024,2,6,Jun,24,Mon,False
20240611,2024-06-11,2024,2,6,Jun,24,Tue,False
20240612,2024-06-12,2024,2,6,Jun,24,Wed,False
20240613,2024-06-13,2024,2,6,Jun,24,Thu,False
20240614,2024-06-14,2024,2,6,Jun,24,Fri,False
20240615,2024-06-15,2024,2,6,Jun,24,Sat,True
20240616,2024-06-16,2024,2,6,Jun,24,Sun,True
20240617,2024-06-17,2024,2,6,Jun,25,Mon,False
20240618,2024-06-18,2024,2,6,Jun,25,Tue,False
20240619,2024-06-19,2024,2,6,Jun,25,Wed,False
20240620,2024-06-20,2024,2,6,Jun,25,Thu,False
20240621,2024-06-21,2024,2,6,Jun,25,Fri,False
20240622,2024-06-22,2024,2,6,Jun,25,Sat,True
20240623,2024-06-23,2024,2,6,Jun,25,Sun,True
20240624,2024-06-24,2024,2,6,Jun,26,Mon,False
20240625,2024-06-25,2024,2,6,Jun,26,Tue,False
20240626,2024-06-26,2024,2,6,Jun,26,Wed,False
20240627,2024-06-27,2024,2,6,Jun,26,Thu,False
20240628,2024-06-28,2024,2,6,Jun,26,Fri,False
20240629,2024-06-29,2024,2,6,Jun,26,Sat,True
20240630,2024-06-30,2024,2,6,Jun,26,Sun,True
20240701,2024-07-01,2024,3,7,Jul,27,Mon,False
20240702,2024-07-02,2024,3,7,Jul,27,Tue,False
20240703,2024-07-03,2024,3,7,Jul,27,Wed,False
20240704,2024-07-04,2024,3,7,Jul,27,Thu,False
20240705,2024-07-05,2024,3,7,Jul,27,Fri,False
20240706,2024-07-06,2024,3,7,Jul,27,Sat,True
20240707,2024-07-07,2024,3,7,Jul,27,Sun,True
20240708,2024-07-08,2024,3,7,Jul,28,Mon,False
20240709,2024-07-09,2024,3,7,Jul,28,Tue,False
20240710,2024-07-10,2024,3,7,Jul,28,Wed,False
20240711,2024-07-11,2024,3,7,Jul,28,Thu,False
20240712,2024-07-12,2024,3,7,Jul,28,Fri,False
20240713,2024-07-13,2024,3,7,Jul,28,Sat,True
20240714,2024-07-14,2024,3,7,Jul,28,Sun,True
20240715,2024-07-15,2024,3,7,Jul,29,Mon,False
20240716,2024-07-16,2024,3,7,Jul,29,Tue,False
20240717,2024-07-17,2024,3,7,Jul,29,Wed,False
20240718,2024-07-18,2024,3,7,Jul,29,Thu,False
20240719,2024-07-19,2024,3,7,Jul,29,Fri,False
20240720,2024-07-20,2024,3,7,Jul,29,Sat,True
20240721,2024-07-21,2024,3,7,Jul,29,Sun,True
20240722,2024-07-22,2024,3,7,Jul,30,Mon,False
20240723,2024-07-23,2024,3,7,Jul,30,Tue,False
20240724,2024-07-24,2024,3,7,Jul,30,Wed,False
20240725,2024-07-25,2024,3,7,Jul,30,Thu,False
20240726,2024-07-26,2024,3,7,Jul,30,Fri,False
20240727,2024-07-27,2024,3,7,Jul,30,Sat,True
20240728,2024-07-28,2024,3,7,Jul,30,Sun,True
20240729,2024-07-29,2024,3,7,Jul,31,Mon,False
20240730,2024-07-30,2024,3,7,Jul,31,Tue,False
20240731,2024-07-31,2024,3,7,Jul,31,Wed,False
20240801,2024-08-01,2024,3,8,Aug,31,Thu,False
20240802,2024-08-02,2024,3,8,Aug,31,Fri,False
20240803,2024-08-03,2024,3,8,Aug,31,Sat,True
20240804,2024-08-04,2024,3,8,Aug,31,Sun,True
20240805,2024-08-05,2024,3,8,Aug,32,Mon,False
20240806,2024-08-06,2024,3,8,Aug,32,Tue,False
20240807,2024-08-07,2024,3,8,Aug,32,Wed,False
20240808,2024-08-08,2024,3,8,Aug,32,Thu,False
20240809,2024-08-09,2024,3,8,Aug,32,Fri,False
20240810,2024-08-10,2024,3,8,Aug,32,Sat,True
20240811,2024-08-11,2024,3,8,Aug,32,Sun,True
20240812,2024-08-12,2024,3,8,Aug,33,Mon,False
20240813,2024-08-13,2024,3,8,Aug,33,Tue,False
20240814,2024-08-14,2024,3,8,Aug,33,Wed,False
20240815,2024-08-15,2024,3,8,Aug,33,Thu,False
20240816,2024-08-16,2024,3,8,Aug,33,Fri,False
20240817,2024-08-17,2024,3,8,Aug,33,Sat,True
20240818,2024-08-18,2024,3,8,Aug,33,Sun,True
20240819,2024-08-19,2024,3,8,Aug,34,Mon,False
20240820,2024-08-20,2024,3,8,Aug,34,Tue,False
20240821,2024-08-21,2024,3,8,Aug,34,Wed,False
20240822,2024-08-22,2024,3,8,Aug,34,Thu,False
20240823,2024-08-23,2024,3,8,Aug,34,Fri,False
20240824,2024-08-24,2024,3,8,Aug,34,Sat,True
20240825,2024-08-25,2024,3,8,Aug,34,Sun,True
20240826,2024-08-26,2024,3,8,Aug,35,Mon,False
20240827,2024-08-27,2024,3,8,Aug,35,Tue,False
20240828,2024-08-28,2024,3,8,Aug,35,Wed,False
20240829,2024-08-29,2024,3,8,Aug,35,Thu,False
20240830,2024-08-30,2024,3,8,Aug,35,Fri,False
20240831,2024-08-31,2024,3,8,Aug,35,Sat,True
20240901,2024-09-01,2024,3,9,Sep,35,Sun,True
20240902,2024-09-02,2024,3,9,Sep,36,Mon,False
20240903,2024-09-03,2024,3,9,Sep,36,Tue,False
20240904,2024-09-04,2024,3,9,Sep,36,Wed,False
20240905,2024-09-05,2024,3,9,Sep,36,Thu,False
20240906,2024-09-06,2024,3,9,Sep,36,Fri,False
20240907,2024-09-07,2024,3,9,Sep,36,Sat,True
20240908,2024-09-08,2024,3,9,Sep,36,Sun,True
20240909,2024-09-09,2024,3,9,Sep,37,Mon,False
20240910,2024-09-10,2024,3,9,Sep,37,Tue,False
20240911,2024-09-11,2024,3,9,Sep,37,Wed,False
20240912,2024-09-12,2024,3,9,Sep,37,Thu,False
20240913,2024-09-13,2024,3,9,Sep,37,Fri,False
20240914,2024-09-14,2024,3,9,Sep,37,Sat,True
20240915,2024-09-15,2024,3,9,Sep,37,Sun,True
20240916,2024-09-16,2024,3,9,Sep,38,Mon,False
20240917,2024-09-17,2024,3,9,Sep,38,Tue,False
20240918,2024-09-18,2024,3,9,Sep,38,Wed,False
20240919,2024-09-19,2024,3,9,Sep,38,Thu,False
20240920,2024-09-20,2024,3,9,Sep,38,Fri,False
20240921,2024-09-21,2024,3,9,Sep,38,Sat,True
20240922,2024-09-22,2024,3,9,Sep,38,Sun,True
20240923,2024-09-23,2024,3,9,Sep,39,Mon,False
20240924,2024-09-24,2024,3,9,Sep,39,Tue,False
20240925,2024-09-25,2024,3,9,Sep,39,Wed,False
20240926,2024-09-26,2024,3,9,Sep,39,Thu,False
20240927,2024-09-27,2024,3,9,Sep,39,Fri,False
20240928,2024-09-28,2024,3,9,Sep,39,Sat,True
20240929,2024-09-29,2024,3,9,Sep,39,Sun,True
20240930,2024-09-30,2024,3,9,Sep,40,Mon,False
20241001,2024-10-01,2024,4,10,Oct,40,Tue,False
20241002,2024-10-02,2024,4,10,Oct,40,Wed,False
20241003,2024-10-03,2024,4,10,Oct,40,Thu,False
20241004,2024-10-04,2024,4,10,Oct,40,Fri,False
20241005,2024-10-05,2024,4,10,Oct,40,Sat,True
20241006,2024-10-06,2024,4,10,Oct,40,Sun,True
20241007,2024-10-07,2024,4,10,Oct,41,Mon,False
20241008,2024-10-08,2024,4,10,Oct,41,Tue,False
20241009,2024-10-09,2024,4,10,Oct,41,Wed,False
20241010,2024-10-10,2024,4,10,Oct,41,Thu,False
20241011,2024-10-11,2024,4,10,Oct,41,Fri,False
20241012,2024-10-12,2024,4,10,Oct,41,Sat,True
20241013,2024-10-13,2024,4,10,Oct,41,Sun,True
20241014,2024-10-14,2024,4,10,Oct,42,Mon,False
20241015,2024-10-15,2024,4,10,Oct,42,Tue,False
20241016,2024-10-16,2024,4,10,Oct,42,Wed,False
20241017,2024-10-17,2024,4,10,Oct,42,Thu,False
20241018,2024-10-18,2024,4,10,Oct,42,Fri,False
20241019,2024-10-19,2024,4,10,Oct,42,Sat,True
20241020,2024-10-20,2024,4,10,Oct,42,Sun,True
20241021,2024-10-21,2024,4,10,Oct,43,Mon,False
20241022,2024-10-22,2024,4,10,Oct,43,Tue,False
20241023,2024-10-23,2024,4,10,Oct,43,Wed,False
20241024,2024-10-24,2024,4,10,Oct,43,Thu,False
20241025,2024-10-25,2024,4,10,Oct,43,Fri,False
20241026,2024-10-26,2024,4,10,Oct,43,Sat,True
20241027,2024-10-27,2024,4,10,Oct,43,Sun,True
20241028,2024-10-28,2024,4,10,Oct,44,Mon,False
20241029,2024-10-29,2024,4,10,Oct,44,Tue,False
20241030,2024-10-30,2024,4,10,Oct,44,Wed,False
20241031,2024-10-31,2024,4,10,Oct,44,Thu,False
20241101,2024-11-01,2024,4,11,Nov,44,Fri,False
20241102,2024-11-02,2024,4,11,Nov,44,Sat,True
20241103,2024-11-03,2024,4,11,Nov,44,Sun,True
20241104,2024-11-04,2024,4,11,Nov,45,Mon,False
20241105,2024-11-05,2024,4,11,Nov,45,Tue,False
20241106,2024-11-06,2024,4,11,Nov,45,Wed,False
20241107,2024-11-07,2024,4,11,Nov,45,Thu,False
20241108,2024-11-08,2024,4,11,Nov,45,Fri,False
20241109,2024-11-09,2024,4,11,Nov,45,Sat,True
20241110,2024-11-10,2024,4,11,Nov,45,Sun,True
20241111,2024-11-11,2024,4,11,Nov,46,Mon,False
20241112,2024-11-12,2024,4,11,Nov,46,Tue,False
20241113,2024-11-13,2024,4,11,Nov,46,Wed,False
20241114,2024-11-14,2024,4,11,Nov,46,Thu,False
20241115,2024-11-15,2024,4,11,Nov,46,Fri,False
20241116,2024-11-16,2024,4,11,Nov,46,Sat,True
20241117,2024-11-17,2024,4,11,Nov,46,Sun,True
20241118,2024-11-18,2024,4,11,Nov,47,Mon,False
20241119,2024-11-19,2024,4,11,Nov,47,Tue,False
20241120,2024-11-20,2024,4,11,Nov,47,Wed,False
20241121,2024-11-21,2024,4,11,Nov,47,Thu,False
20241122,2024-11-22,2024,4,11,Nov,47,Fri,False
20241123,2024-11-23,2024,4,11,Nov,47,Sat,True
20241124,2024-11-24,2024,4,11,Nov,47,Sun,True
20241125,2024-11-25,2024,4,11,Nov,48,Mon,False
20241126,2024-11-26,2024,4,11,Nov,48,Tue,False
20241127,2024-11-27,2024,4,11,Nov,48,Wed,False
20241128,2024-11-28,2024,4,11,Nov,48,Thu,False
20241129,2024-11-29,2024,4,11,Nov,48,Fri,False
20241130,2024-11-30,2024,4,11,Nov,48,Sat,True
20241201,2024-12-01,2024,4,12,Dec,48,Sun,True
20241202,2024-12-02,2024,4,12,Dec,49,Mon,False
20241203,2024-12-03,2024,4,12,Dec,49,Tue,False
20241204,2024-12-04,2024,4,12,Dec,49,Wed,False
20241205,2024-12-05,2024,4,12,Dec,49,Thu,False
20241206,2024-12-06,2024,4,12,Dec,49,Fri,False
20241207,2024-12-07,2024,4,12,Dec,49,Sat,True
20241208,2024-12-08,2024,4,12,Dec,49,Sun,True
20241209,2024-12-09,2024,4,12,Dec,50,Mon,False
20241210,2024-12-10,2024,4,12,Dec,50,Tue,False
20241211,2024-12-11,2024,4,12,Dec,50,Wed,False
20241212,2024-12-12,2024,4,12,Dec,50,Thu,False
20241213,2024-12-13,2024,4,12,Dec,50,Fri,False
20241214,2024-12-14,2024,4,12,Dec,50,Sat,True
20241215,2024-12-15,2024,4,12,Dec,50,Sun,True
20241216,2024-12-16,2024,4,12,Dec,51,Mon,False
20241217,2024-12-17,2024,4,12,Dec,51,Tue,False
20241218,2024-12-18,2024,4,12,Dec,51,Wed,False
20241219,2024-12-19,2024,4,12,Dec,51,Thu,False
20241220,2024-12-20,2024,4,12,Dec,51,Fri,False
20241221,2024-12-21,2024,4,12,Dec,51,Sat,True
20241222,2024-12-22,2024,4,12,Dec,51,Sun,True
20241223,2024-12-23,2024,4,12,Dec,52,Mon,False
20241224,2024-12-24,2024,4,12,Dec,52,Tue,False
20241225,2024-12-25,2024,4,12,Dec,52,Wed,False
20241226,2024-12-26,2024,4,12,Dec,52,Thu,False
20241227,2024-12-27,2024,4,12,Dec,52,Fri,False
20241228,2024-12-28,2024,4,12,Dec,52,Sat,True
20241229,2024-12-29,2024,4,12,Dec,52,Sun,True
20241230,2024-12-30,2024,4,12,Dec,1,Mon,False
20241231,2024-12-31,2024,4,12,Dec,1,Tue,False
20250101,2025-01-01,2025,1,1,Jan,1,Wed,False
20250102,2025-01-02,2025,1,1,Jan,1,Thu,False
20250103,2025-01-03,2025,1,1,Jan,1,Fri,False
20250104,2025-01-04,2025,1,1,Jan,1,Sat,True
20250105,2025-01-05,2025,1,1,Jan,1,Sun,True
20250106,2025-01-06,2025,1,1,Jan,2,Mon,False
20250107,2025-01-07,2025,1,1,Jan,2,Tue,False
20250108,2025-01-08,2025,1,1,Jan,2,Wed,False
20250109,2025-01-09,2025,1,1,Jan,2,Thu,False
20250110,2025-01-10,2025,1,1,Jan,2,Fri,False
20250111,2025-01-11,2025,1,1,Jan,2,Sat,True
20250112,2025-01-12,2025,1,1,Jan,2,Sun,True
20250113,2025-01-13,2025,1,1,Jan,3,Mon,False
20250114,2025-01-14,2025,1,1,Jan,3,Tue,False
20250115,2025-01-15,2025,1,1,Jan,3,Wed,False
20250116,2025-01-16,2025,1,1,Jan,3,Thu,False
20250117,2025-01-17,2025,1,1,Jan,3,Fri,False
20250118,2025-01-18,2025,1,1,Jan,3,Sat,True
20250119,2025-01-19,2025,1,1,Jan,3,Sun,True
20250120,2025-01-20,2025,1,1,Jan,4,Mon,False
20250121,2025-01-21,2025,1,1,Jan,4,Tue,False
20250122,2025-01-22,2025,1,1,Jan,4,Wed,False
20250123,2025-01-23,2025,1,1,Jan,4,Thu,False
20250124,2025-01-24,2025,1,1,Jan,4,Fri,False
20250125,2025-01-25,2025,1,1,Jan,4,Sat,True
20250126,2025-01-26,2025,1,1,Jan,4,Sun,True
20250127,2025-01-27,2025,1,1,Jan,5,Mon,False
20250128,2025-01-28,2025,1,1,Jan,5,Tue,False
20250129,2025-01-29,2025,1,1,Jan,5,Wed,False
20250130,2025-01-30,2025,1,1,Jan,5,Thu,False
20250131,2025-01-31,2025,1,1,Jan,5,Fri,False
20250201,2025-02-01,2025,1,2,Feb,5,Sat,True
20250202,2025-02-02,2025,1,2,Feb,5,Sun,True
20250203,2025-02-03,2025,1,2,Feb,6,Mon,False
20250204,2025-02-04,2025,1,2,Feb,6,Tue,False
20250205,2025-02-05,2025,1,2,Feb,6,Wed,False
20250206,2025-02-06,2025,1,2,Feb,6,Thu,False
20250207,2025-02-07,2025,1,2,Feb,6,Fri,False
20250208,2025-02-08,2025,1,2,Feb,6,Sat,True
20250209,2025-02-09,2025,1,2,Feb,6,Sun,True
20250210,2025-02-10,2025,1,2,Feb,7,Mon,False
20250211,2025-02-11,2025,1,2,Feb,7,Tue,False
20250212,2025-02-12,2025,1,2,Feb,7,Wed,False
20250213,2025-02-13,2025,1,2,Feb,7,Thu,False
20250214,2025-02-14,2025,1,2,Feb,7,Fri,False
20250215,2025-02-15,2025,1,2,Feb,7,Sat,True
20250216,2025-02-16,2025,1,2,Feb,7,Sun,True
20250217,2025-02-17,2025,1,2,Feb,8,Mon,False
20250218,2025-02-18,2025,1,2,Feb,8,Tue,False
20250219,2025-02-19,2025,1,2,Feb,8,Wed,False
20250220,2025-02-20,2025,1,2,Feb,8,Thu,False
20250221,2025-02-21,2025,1,2,Feb,8,Fri,False
20250222,2025-02-22,2025,1,2,Feb,8,Sat,True
20250223,2025-02-23,2025,1,2,Feb,8,Sun,True
20250224,2025-02-24,2025,1,2,Feb,9,Mon,False
20250225,2025-02-25,2025,1,2,Feb,9,Tue,False
20250226,2025-02-26,2025,1,2,Feb,9,Wed,False
20250227,2025-02-27,2025,1,2,Feb,9,Thu,False
20250228,2025-02-28,2025,1,2,Feb,9,Fri,False
20250301,2025-03-01,2025,1,3,Mar,9,Sat,True
20250302,2025-03-02,2025,1,3,Mar,9,Sun,True
20250303,2025-03-03,2025,1,3,Mar,10,Mon,False
20250304,2025-03-04,2025,1,3,Mar,10,Tue,False
20250305,2025-03-05,2025,1,3,Mar,10,Wed,False
20250306,2025-03-06,2025,1,3,Mar,10,Thu,False
20250307,2025-03-07,2025,1,3,Mar,10,Fri,False
20250308,2025-03-08,2025,1,3,Mar,10,Sat,True
20250309,2025-03-09,2025,1,3,Mar,10,Sun,True
20250310,2025-03-10,2025,1,3,Mar,11,Mon,False
20250311,2025-03-11,2025,1,3,Mar,11,Tue,False
20250312,2025-03-12,2025,1,3,Mar,11,Wed,False
20250313,2025-03-13,2025,1,3,Mar,11,Thu,False
20250314,2025-03-14,2025,1,3,Mar,11,Fri,False
20250315,2025-03-15,2025,1,3,Mar,11,Sat,True
20250316,2025-03-16,2025,1,3,Mar,11,Sun,True
20250317,2025-03-17,2025,1,3,Mar,12,Mon,False
20250318,2025-03-18,2025,1,3,Mar,12,Tue,False
20250319,2025-03-19,2025,1,3,Mar,12,Wed,False
20250320,2025-03-20,2025,1,3,Mar,12,Thu,False
20250321,2025-03-21,2025,1,3,Mar,12,Fri,False
20250322,2025-03-22,2025,1,3,Mar,12,Sat,True
20250323,2025-03-23,2025,1,3,Mar,12,Sun,True
20250324,2025-03-24,2025,1,3,Mar,13,Mon,False
20250325,2025-03-25,2025,1,3,Mar,13,Tue,False
20250326,2025-03-26,2025,1,3,Mar,13,Wed,False
20250327,2025-03-27,2025,1,3,Mar,13,Thu,False
20250328,2025-03-28,2025,1,3,Mar,13,Fri,False
20250329,2025-03-29,2025,1,3,Mar,13,Sat,True
20250330,2025-03-30,2025,1,3,Mar,13,Sun,True
20250331,2025-03-31,2025,1,3,Mar,14,Mon,False
20250401,2025-04-01,2025,2,4,Apr,14,Tue,False
20250402,2025-04-02,2025,2,4,Apr,14,Wed,False
20250403,2025-04-03,2025,2,4,Apr,14,Thu,False
20250404,2025-04-04,2025,2,4,Apr,14,Fri,False
20250405,2025-04-05,2025,2,4,Apr,14,Sat,True
20250406,2025-04-06,2025,2,4,Apr,14,Sun,True
20250407,2025-04-07,2025,2,4,Apr,15,Mon,False
20250408,2025-04-08,2025,2,4,Apr,15,Tue,False
20250409,2025-04-09,2025,2,4,Apr,15,Wed,False
20250410,2025-04-10,2025,2,4,Apr,15,Thu,False
20250411,2025-04-11,2025,2,4,Apr,15,Fri,False
20250412,2025-04-12,2025,2,4,Apr,15,Sat,True
20250413,2025-04-13,2025,2,4,Apr,15,Sun,True
20250414,2025-04-14,2025,2,4,Apr,16,Mon,False
20250415,2025-04-15,2025,2,4,Apr,16,Tue,False
20250416,2025-04-16,2025,2,4,Apr,16,Wed,False
20250417,2025-04-17,2025,2,4,Apr,16,Thu,False
20250418,2025-04-18,2025,2,4,Apr,16,Fri,False
20250419,2025-04-19,2025,2,4,Apr,16,Sat,True
20250420,2025-04-20,2025,2,4,Apr,16,Sun,True
20250421,2025-04-21,2025,2,4,Apr,17,Mon,False
20250422,2025-04-22,2025,2,4,Apr,17,Tue,False
20250423,2025-04-23,2025,2,4,Apr,17,Wed,False
20250424,2025-04-24,2025,2,4,Apr,17,Thu,False
20250425,2025-04-25,2025,2,4,Apr,17,Fri,False
20250426,2025-04-26,2025,2,4,Apr,17,Sat,True
20250427,2025-04-27,2025,2,4,Apr,17,Sun,True
20250428,2025-04-28,2025,2,4,Apr,18,Mon,False
20250429,2025-04-29,2025,2,4,Apr,18,Tue,False
20250430,2025-04-30,2025,2,4,Apr,18,Wed,False
20250501,2025-05-01,2025,2,5,May,18,Thu,False
20250502,2025-05-02,2025,2,5,May,18,Fri,False
20250503,2025-05-03,2025,2,5,May,18,Sat,True
20250504,2025-05-04,2025,2,5,May,18,Sun,True
20250505,2025-05-05,2025,2,5,May,19,Mon,False
20250506,2025-05-06,2025,2,5,May,19,Tue,False
20250507,2025-05-07,2025,2,5,May,19,Wed,False
20250508,2025-05-08,2025,2,5,May,19,Thu,False
20250509,2025-05-09,2025,2,5,May,19,Fri,False
20250510,2025-05-10,2025,2,5,May,19,Sat,True
20250511,2025-05-11,2025,2,5,May,19,Sun,True
20250512,2025-05-12,2025,2,5,May,20,Mon,False
20250513,2025-05-13,2025,2,5,May,20,Tue,False
20250514,2025-05-14,2025,2,5,May,20,Wed,False
20250515,2025-05-15,2025,2,5,May,20,Thu,False
20250516,2025-05-16,2025,2,5,May,20,Fri,False
20250517,2025-05-17,2025,2,5,May,20,Sat,True
20250518,2025-05-18,2025,2,5,May,20,Sun,True
20250519,2025-05-19,2025,2,5,May,21,Mon,False
20250520,2025-05-20,2025,2,5,May,21,Tue,False
20250521,2025-05-21,2025,2,5,May,21,Wed,False
20250522,2025-05-22,2025,2,5,May,21,Thu,False
20250523,2025-05-23,2025,2,5,May,21,Fri,False
20250524,2025-05-24,2025,2,5,May,21,Sat,True
20250525,2025-05-25,2025,2,5,May,21,Sun,True
20250526,2025-05-26,2025,2,5,May,22,Mon,False
20250527,2025-05-27,2025,2,5,May,22,Tue,False
20250528,2025-05-28,2025,2,5,May,22,Wed,False
20250529,2025-05-29,2025,2,5,May,22,Thu,False
20250530,2025-05-30,2025,2,5,May,22,Fri,False
20250531,2025-05-31,2025,2,5,May,22,Sat,True
20250601,2025-06-01,2025,2,6,Jun,22,Sun,True
20250602,2025-06-02,2025,2,6,Jun,23,Mon,False
20250603,2025-06-03,2025,2,6,Jun,23,Tue,False
20250604,2025-06-04,2025,2,6,Jun,23,Wed,False
20250605,2025-06-05,2025,2,6,Jun,23,Thu,False
20250606,2025-06-06,2025,2,6,Jun,23,Fri,False
20250607,2025-06-07,2025,2,6,Jun,23,Sat,True
20250608,2025-06-08,2025,2,6,Jun,23,Sun,True
20250609,2025-06-09,2025,2,6,Jun,24,Mon,False
20250610,2025-06-10,2025,2,6,Jun,24,Tue,False
20250611,2025-06-11,2025,2,6,Jun,24,Wed,False
20250612,2025-06-12,2025,2,6,Jun,24,Thu,False
20250613,2025-06-13,2025,2,6,Jun,24,Fri,False
20250614,2025-06-14,2025,2,6,Jun,24,Sat,True
20250615,2025-06-15,2025,2,6,Jun,24,Sun,True
20250616,2025-06-16,2025,2,6,Jun,25,Mon,False
20250617,2025-06-17,2025,2,6,Jun,25,Tue,False
20250618,2025-06-18,2025,2,6,Jun,25,Wed,False
20250619,2025-06-19,2025,2,6,Jun,25,Thu,False
20250620,2025-06-20,2025,2,6,Jun,25,Fri,False
20250621,2025-06-21,2025,2,6,Jun,25,Sat,True
20250622,2025-06-22,2025,2,6,Jun,25,Sun,True
20250623,2025-06-23,2025,2,6,Jun,26,Mon,False
20250624,2025-06-24,2025,2,6,Jun,26,Tue,False
20250625,2025-06-25,2025,2,6,Jun,26,Wed,False
20250626,2025-06-26,2025,2,6,Jun,26,Thu,False
20250627,2025-06-27,2025,2,6,Jun,26,Fri,False
20250628,2025-06-28,2025,2,6,Jun,26,Sat,True
20250629,2025-06-29,2025,2,6,Jun,26,Sun,True
20250630,2025-06-30,2025,2,6,Jun,27,Mon,False
20250701,2025-07-01,2025,3,7,Jul,27,Tue,False
20250702,2025-07-02,2025,3,7,Jul,27,Wed,False
20250703,2025-07-03,2025,3,7,Jul,27,Thu,False
20250704,2025-07-04,2025,3,7,Jul,27,Fri,False
20250705,2025-07-05,2025,3,7,Jul,27,Sat,True
20250706,2025-07-06,2025,3,7,Jul,27,Sun,True
20250707,2025-07-07,2025,3,7,Jul,28,Mon,False
20250708,2025-07-08,2025,3,7,Jul,28,Tue,False
20250709,2025-07-09,2025,3,7,Jul,28,Wed,False
20250710,2025-07-10,2025,3,7,Jul,28,Thu,False
20250711,2025-07-11,2025,3,7,Jul,28,Fri,False
20250712,2025-07-12,2025,3,7,Jul,28,Sat,True
20250713,2025-07-13,2025,3,7,Jul,28,Sun,True
20250714,2025-07-14,2025,3,7,Jul,29,Mon,False
20250715,2025-07-15,2025,3,7,Jul,29,Tue,False
20250716,2025-07-16,2025,3,7,Jul,29,Wed,False
20250717,2025-07-17,2025,3,7,Jul,29,Thu,False
20250718,2025-07-18,2025,3,7,Jul,29,Fri,False
20250719,2025-07-19,2025,3,7,Jul,29,Sat,True
20250720,2025-07-20,2025,3,7,Jul,29,Sun,True
20250721,2025-07-21,2025,3,7,Jul,30,Mon,False
20250722,2025-07-22,2025,3,7,Jul,30,Tue,False
20250723,2025-07-23,2025,3,7,Jul,30,Wed,False
20250724,2025-07-24,2025,3,7,Jul,30,Thu,False
20250725,2025-07-25,2025,3,7,Jul,30,Fri,False
20250726,2025-07-26,2025,3,7,Jul,30,Sat,True
20250727,2025-07-27,2025,3,7,Jul,30,Sun,True
20250728,2025-07-28,2025,3,7,Jul,31,Mon,False
20250729,2025-07-29,2025,3,7,Jul,31,Tue,False
20250730,2025-07-30,2025,3,7,Jul,31,Wed,False
20250731,2025-07-31,2025,3,7,Jul,31,Thu,False
20250801,2025-08-01,2025,3,8,Aug,31,Fri,False
20250802,2025-08-02,2025,3,8,Aug,31,Sat,True
20250803,2025-08-03,2025,3,8,Aug,31,Sun,True
20250804,2025-08-04,2025,3,8,Aug,32,Mon,False
20250805,2025-08-05,2025,3,8,Aug,32,Tue,False
20250806,2025-08-06,2025,3,8,Aug,32,Wed,False
20250807,2025-08-07,2025,3,8,Aug,32,Thu,False
20250808,2025-08-08,2025,3,8,Aug,32,Fri,False
20250809,2025-08-09,2025,3,8,Aug,32,Sat,True
20250810,2025-08-10,2025,3,8,Aug,32,Sun,True
20250811,2025-08-11,2025,3,8,Aug,33,Mon,False
20250812,2025-08-12,2025,3,8,Aug,33,Tue,False
20250813,2025-08-13,2025,3,8,Aug,33,Wed,False
20250814,2025-08-14,2025,3,8,Aug,33,Thu,False
20250815,2025-08-15,2025,3,8,Aug,33,Fri,False
20250816,2025-08-16,2025,3,8,Aug,33,Sat,True
20250817,2025-08-17,2025,3,8,Aug,33,Sun,True
20250818,2025-08-18,2025,3,8,Aug,34,Mon,False
20250819,2025-08-19,2025,3,8,Aug,34,Tue,False
20250820,2025-08-20,2025,3,8,Aug,34,Wed,False
20250821,2025-08-21,2025,3,8,Aug,34,Thu,False
20250822,2025-08-22,2025,3,8,Aug,34,Fri,False
20250823,2025-08-23,2025,3,8,Aug,34,Sat,True
20250824,2025-08-24,2025,3,8,Aug,34,Sun,True
20250825,2025-08-25,2025,3,8,Aug,35,Mon,False
20250826,2025-08-26,2025,3,8,Aug,35,Tue,False
20250827,2025-08-27,2025,3,8,Aug,35,Wed,False
20250828,2025-08-28,2025,3,8,Aug,35,Thu,False
20250829,2025-08-29,2025,3,8,Aug,35,Fri,False
20250830,2025-08-30,2025,3,8,Aug,35,Sat,True
20250831,2025-08-31,2025,3,8,Aug,35,Sun,True
20250901,2025-09-01,2025,3,9,Sep,36,Mon,False
20250902,2025-09-02,2025,3,9,Sep,36,Tue,False
20250903,2025-09-03,2025,3,9,Sep,36,Wed,False
20250904,2025-09-04,2025,3,9,Sep,36,Thu,False
20250905,2025-09-05,2025,3,9,Sep,36,Fri,False
20250906,2025-09-06,2025,3,9,Sep,36,Sat,True
20250907,2025-09-07,2025,3,9,Sep,36,Sun,True
20250908,2025-09-08,2025,3,9,Sep,37,Mon,False
20250909,2025-09-09,2025,3,9,Sep,37,Tue,False
20250910,2025-09-10,2025,3,9,Sep,37,Wed,False
20250911,2025-09-11,2025,3,9,Sep,37,Thu,False
20250912,2025-09-12,2025,3,9,Sep,37,Fri,False
20250913,2025-09-13,2025,3,9,Sep,37,Sat,True
20250914,2025-09-14,2025,3,9,Sep,37,Sun,True
20250915,2025-09-15,2025,3,9,Sep,38,Mon,False
20250916,2025-09-16,2025,3,9,Sep,38,Tue,False
20250917,2025-09-17,2025,3,9,Sep,38,Wed,False
20250918,2025-09-18,2025,3,9,Sep,38,Thu,False
20250919,2025-09-19,2025,3,9,Sep,38,Fri,False
20250920,2025-09-20,2025,3,9,Sep,38,Sat,True
20250921,2025-09-21,2025,3,9,Sep,38,Sun,True
20250922,2025-09-22,2025,3,9,Sep,39,Mon,False
20250923,2025-09-23,2025,3,9,Sep,39,Tue,False
20250924,2025-09-24,2025,3,9,Sep,39,Wed,False
20250925,2025-09-25,2025,3,9,Sep,39,Thu,False
20250926,2025-09-26,2025,3,9,Sep,39,Fri,False
20250927,2025-09-27,2025,3,9,Sep,39,Sat,True
20250928,2025-09-28,2025,3,9,Sep,39,Sun,True
20250929,2025-09-29,2025,3,9,Sep,40,Mon,False
20250930,2025-09-30,2025,3,9,Sep,40,Tue,False
20251001,2025-10-01,2025,4,10,Oct,40,Wed,False
20251002,2025-10-02,2025,4,10,Oct,40,Thu,False
20251003,2025-10-03,2025,4,10,Oct,40,Fri,False
20251004,2025-10-04,2025,4,10,Oct,40,Sat,True
20251005,2025-10-05,2025,4,10,Oct,40,Sun,True
20251006,2025-10-06,2025,4,10,Oct,41,Mon,False
20251007,2025-10-07,2025,4,10,Oct,41,Tue,False
20251008,2025-10-08,2025,4,10,Oct,41,Wed,False
20251009,2025-10-09,2025,4,10,Oct,41,Thu,False
20251010,2025-10-10,2025,4,10,Oct,41,Fri,False
20251011,2025-10-11,2025,4,10,Oct,41,Sat,True
20251012,2025-10-12,2025,4,10,Oct,41,Sun,True
20251013,2025-10-13,2025,4,10,Oct,42,Mon,False
20251014,2025-10-14,2025,4,10,Oct,42,Tue,False
20251015,2025-10-15,2025,4,10,Oct,42,Wed,False
20251016,2025-10-16,2025,4,10,Oct,42,Thu,False
20251017,2025-10-17,2025,4,10,Oct,42,Fri,False
20251018,2025-10-18,2025,4,10,Oct,42,Sat,True
20251019,2025-10-19,2025,4,10,Oct,42,Sun,True
20251020,2025-10-20,2025,4,10,Oct,43,Mon,False
20251021,2025-10-21,2025,4,10,Oct,43,Tue,False
20251022,2025-10-22,2025,4,10,Oct,43,Wed,False
20251023,2025-10-23,2025,4,10,Oct,43,Thu,False
20251024,2025-10-24,2025,4,10,Oct,43,Fri,False
20251025,2025-10-25,2025,4,10,Oct,43,Sat,True
20251026,2025-10-26,2025,4,10,Oct,43,Sun,True
20251027,2025-10-27,2025,4,10,Oct,44,Mon,False
20251028,2025-10-28,2025,4,10,Oct,44,Tue,False
20251029,2025-10-29,2025,4,10,Oct,44,Wed,False
20251030,2025-10-30,2025,4,10,Oct,44,Thu,False
20251031,2025-10-31,2025,4,10,Oct,44,Fri,False
20251101,2025-11-01,2025,4,11,Nov,44,Sat,True
20251102,2025-11-02,2025,4,11,Nov,44,Sun,True
20251103,2025-11-03,2025,4,11,Nov,45,Mon,False
20251104,2025-11-04,2025,4,11,Nov,45,Tue,False
20251105,2025-11-05,2025,4,11,Nov,45,Wed,False
20251106,2025-11-06,2025,4,11,Nov,45,Thu,False
20251107,2025-11-07,2025,4,11,Nov,45,Fri,False
20251108,2025-11-08,2025,4,11,Nov,45,Sat,True
20251109,2025-11-09,2025,4,11,Nov,45,Sun,True
20251110,2025-11-10,2025,4,11,Nov,46,Mon,False
20251111,2025-11-11,2025,4,11,Nov,46,Tue,False
20251112,2025-11-12,2025,4,11,Nov,46,Wed,False
20251113,2025-11-13,2025,4,11,Nov,46,Thu,False
20251114,2025-11-14,2025,4,11,Nov,46,Fri,False
20251115,2025-11-15,2025,4,11,Nov,46,Sat,True
20251116,2025-11-16,2025,4,11,Nov,46,Sun,True
20251117,2025-11-17,2025,4,11,Nov,47,Mon,False
20251118,2025-11-18,2025,4,11,Nov,47,Tue,False
20251119,2025-11-19,2025,4,11,Nov,47,Wed,False
20251120,2025-11-20,2025,4,11,Nov,47,Thu,False
20251121,2025-11-21,2025,4,11,Nov,47,Fri,False
20251122,2025-11-22,2025,4,11,Nov,47,Sat,True
20251123,2025-11-23,2025,4,11,Nov,47,Sun,True
20251124,2025-11-24,2025,4,11,Nov,48,Mon,False
20251125,2025-11-25,2025,4,11,Nov,48,Tue,False
20251126,2025-11-26,2025,4,11,Nov,48,Wed,False
20251127,2025-11-27,2025,4,11,Nov,48,Thu,False
20251128,2025-11-28,2025,4,11,Nov,48,Fri,False
20251129,2025-11-29,2025,4,11,Nov,48,Sat,True
20251130,2025-11-30,2025,4,11,Nov,48,Sun,True
20251201,2025-12-01,2025,4,12,Dec,49,Mon,False
20251202,2025-12-02,2025,4,12,Dec,49,Tue,False
20251203,2025-12-03,2025,4,12,Dec,49,Wed,False
20251204,2025-12-04,2025,4,12,Dec,49,Thu,False
20251205,2025-12-05,2025,4,12,Dec,49,Fri,False
20251206,2025-12-06,2025,4,12,Dec,49,Sat,True
20251207,2025-12-07,2025,4,12,Dec,49,Sun,True
20251208,2025-12-08,2025,4,12,Dec,50,Mon,False
20251209,2025-12-09,2025,4,12,Dec,50,Tue,False
20251210,2025-12-10,2025,4,12,Dec,50,Wed,False
20251211,2025-12-11,2025,4,12,Dec,50,Thu,False
20251212,2025-12-12,2025,4,12,Dec,50,Fri,False
20251213,2025-12-13,2025,4,12,Dec,50,Sat,True
20251214,2025-12-14,2025,4,12,Dec,50,Sun,True
20251215,2025-12-15,2025,4,12,Dec,51,Mon,False
20251216,2025-12-16,2025,4,12,Dec,51,Tue,False
20251217,2025-12-17,2025,4,12,Dec,51,Wed,False
20251218,2025-12-18,2025,4,12,Dec,51,Thu,False
20251219,2025-12-19,2025,4,12,Dec,51,Fri,False
20251220,2025-12-20,2025,4,12,Dec,51,Sat,True
20251221,2025-12-21,2025,4,12,Dec,51,Sun,True
20251222,2025-12-22,2025,4,12,Dec,52,Mon,False
20251223,2025-12-23,2025,4,12,Dec,52,Tue,False
20251224,2025-12-24,2025,4,12,Dec,52,Wed,False
20251225,2025-12-25,2025,4,12,Dec,52,Thu,False
20251226,2025-12-26,2025,4,12,Dec,52,Fri,False
20251227,2025-12-27,2025,4,12,Dec,52,Sat,True
20251228,2025-12-28,2025,4,12,Dec,52,Sun,True
20251229,2025-12-29,2025,4,12,Dec,1,Mon,False
20251230,2025-12-30,2025,4,12,Dec,1,Tue,False
20251231,2025-12-31,2025,4,12,Dec,1,Wed,False
20260101,2026-01-01,2026,1,1,Jan,1,Thu,False
20260102,2026-01-02,2026,1,1,Jan,1,Fri,False
20260103,2026-01-03,2026,1,1,Jan,1,Sat,True
20260104,2026-01-04,2026,1,1,Jan,1,Sun,True
20260105,2026-01-05,2026,1,1,Jan,2,Mon,False
20260106,2026-01-06,2026,1,1,Jan,2,Tue,False
20260107,2026-01-07,2026,1,1,Jan,2,Wed,False
20260108,2026-01-08,2026,1,1,Jan,2,Thu,False
20260109,2026-01-09,2026,1,1,Jan,2,Fri,False
20260110,2026-01-10,2026,1,1,Jan,2,Sat,True
20260111,2026-01-11,2026,1,1,Jan,2,Sun,True
20260112,2026-01-12,2026,1,1,Jan,3,Mon,False
20260113,2026-01-13,2026,1,1,Jan,3,Tue,False
20260114,2026-01-14,2026,1,1,Jan,3,Wed,False
20260115,2026-01-15,2026,1,1,Jan,3,Thu,False
20260116,2026-01-16,2026,1,1,Jan,3,Fri,False
20260117,2026-01-17,2026,1,1,Jan,3,Sat,True
20260118,2026-01-18,2026,1,1,Jan,3,Sun,True
20260119,2026-01-19,2026,1,1,Jan,4,Mon,False
20260120,2026-01-20,2026,1,1,Jan,4,Tue,False
20260121,2026-01-21,2026,1,1,Jan,4,Wed,False
20260122,2026-01-22,2026,1,1,Jan,4,Thu,False
20260123,2026-01-23,2026,1,1,Jan,4,Fri,False
20260124,2026-01-24,2026,1,1,Jan,4,Sat,True
20260125,2026-01-25,2026,1,1,Jan,4,Sun,True
20260126,2026-01-26,2026,1,1,Jan,5,Mon,False
20260127,2026-01-27,2026,1,1,Jan,5,Tue,False
20260128,2026-01-28,2026,1,1,Jan,5,Wed,False
20260129,2026-01-29,2026,1,1,Jan,5,Thu,False
20260130,2026-01-30,2026,1,1,Jan,5,Fri,False
20260131,2026-01-31,2026,1,1,Jan,5,Sat,True
20260201,2026-02-01,2026,1,2,Feb,5,Sun,True
20260202,2026-02-02,2026,1,2,Feb,6,Mon,False
20260203,2026-02-03,2026,1,2,Feb,6,Tue,False
20260204,2026-02-04,2026,1,2,Feb,6,Wed,False
20260205,2026-02-05,2026,1,2,Feb,6,Thu,False
20260206,2026-02-06,2026,1,2,Feb,6,Fri,False
20260207,2026-02-07,2026,1,2,Feb,6,Sat,True
20260208,2026-02-08,2026,1,2,Feb,6,Sun,True
20260209,2026-02-09,2026,1,2,Feb,7,Mon,False
20260210,2026-02-10,2026,1,2,Feb,7,Tue,False
20260211,2026-02-11,2026,1,2,Feb,7,Wed,False
20260212,2026-02-12,2026,1,2,Feb,7,Thu,False
20260213,2026-02-13,2026,1,2,Feb,7,Fri,False
20260214,2026-02-14,2026,1,2,Feb,7,Sat,True
20260215,2026-02-15,2026,1,2,Feb,7,Sun,True
20260216,2026-02-16,2026,1,2,Feb,8,Mon,False
20260217,2026-02-17,2026,1,2,Feb,8,Tue,False
20260218,2026-02-18,2026,1,2,Feb,8,Wed,False
20260219,2026-02-19,2026,1,2,Feb,8,Thu,False
20260220,2026-02-20,2026,1,2,Feb,8,Fri,False
20260221,2026-02-21,2026,1,2,Feb,8,Sat,True
20260222,2026-02-22,2026,1,2,Feb,8,Sun,True
20260223,2026-02-23,2026,1,2,Feb,9,Mon,False
20260224,2026-02-24,2026,1,2,Feb,9,Tue,False
20260225,2026-02-25,2026,1,2,Feb,9,Wed,False
20260226,2026-02-26,2026,1,2,Feb,9,Thu,False
20260227,2026-02-27,2026,1,2,Feb,9,Fri,False
20260228,2026-02-28,2026,1,2,Feb,9,Sat,True
20260301,2026-03-01,2026,1,3,Mar,9,Sun,True
20260302,2026-03-02,2026,1,3,Mar,10,Mon,False
20260303,2026-03-03,2026,1,3,Mar,10,Tue,False
20260304,2026-03-04,2026,1,3,Mar,10,Wed,False
20260305,2026-03-05,2026,1,3,Mar,10,Thu,False
20260306,2026-03-06,2026,1,3,Mar,10,Fri,False
20260307,2026-03-07,2026,1,3,Mar,10,Sat,True
20260308,2026-03-08,2026,1,3,Mar,10,Sun,True
20260309,2026-03-09,2026,1,3,Mar,11,Mon,False
20260310,2026-03-10,2026,1,3,Mar,11,Tue,False
20260311,2026-03-11,2026,1,3,Mar,11,Wed,False
20260312,2026-03-12,2026,1,3,Mar,11,Thu,False
20260313,2026-03-13,2026,1,3,Mar,11,Fri,False
20260314,2026-03-14,2026,1,3,Mar,11,Sat,True
20260315,2026-03-15,2026,1,3,Mar,11,Sun,True
20260316,2026-03-16,2026,1,3,Mar,12,Mon,False
20260317,2026-03-17,2026,1,3,Mar,12,Tue,False
20260318,2026-03-18,2026,1,3,Mar,12,Wed,False
20260319,2026-03-19,2026,1,3,Mar,12,Thu,False
20260320,2026-03-20,2026,1,3,Mar,12,Fri,False
20260321,2026-03-21,2026,1,3,Mar,12,Sat,True
20260322,2026-03-22,2026,1,3,Mar,12,Sun,True
20260323,2026-03-23,2026,1,3,Mar,13,Mon,False
20260324,2026-03-24,2026,1,3,Mar,13,Tue,False
20260325,2026-03-25,2026,1,3,Mar,13,Wed,False
20260326,2026-03-26,2026,1,3,Mar,13,Thu,False
20260327,2026-03-27,2026,1,3,Mar,13,Fri,False
20260328,2026-03-28,2026,1,3,Mar,13,Sat,True
20260329,2026-03-29,2026,1,3,Mar,13,Sun,True
20260330,2026-03-30,2026,1,3,Mar,14,Mon,False
20260331,2026-03-31,2026,1,3,Mar,14,Tue,False
20260401,2026-04-01,2026,2,4,Apr,14,Wed,False
20260402,2026-04-02,2026,2,4,Apr,14,Thu,False
20260403,2026-04-03,2026,2,4,Apr,14,Fri,False
20260404,2026-04-04,2026,2,4,Apr,14,Sat,True
20260405,2026-04-05,2026,2,4,Apr,14,Sun,True
20260406,2026-04-06,2026,2,4,Apr,15,Mon,False
20260407,2026-04-07,2026,2,4,Apr,15,Tue,False
20260408,2026-04-08,2026,2,4,Apr,15,Wed,False
20260409,2026-04-09,2026,2,4,Apr,15,Thu,False
20260410,2026-04-10,2026,2,4,Apr,15,Fri,False
20260411,2026-04-11,2026,2,4,Apr,15,Sat,True
20260412,2026-04-12,2026,2,4,Apr,15,Sun,True
20260413,2026-04-13,2026,2,4,Apr,16,Mon,False
20260414,2026-04-14,2026,2,4,Apr,16,Tue,False
20260415,2026-04-15,2026,2,4,Apr,16,Wed,False
20260416,2026-04-16,2026,2,4,Apr,16,Thu,False
20260417,2026-04-17,2026,2,4,Apr,16,Fri,False
20260418,2026-04-18,2026,2,4,Apr,16,Sat,True
20260419,2026-04-19,2026,2,4,Apr,16,Sun,True
20260420,2026-04-20,2026,2,4,Apr,17,Mon,False
20260421,2026-04-21,2026,2,4,Apr,17,Tue,False
20260422,2026-04-22,2026,2,4,Apr,17,Wed,False
20260423,2026-04-23,2026,2,4,Apr,17,Thu,False
20260424,2026-04-24,2026,2,4,Apr,17,Fri,False
20260425,2026-04-25,2026,2,4,Apr,17,Sat,True
20260426,2026-04-26,2026,2,4,Apr,17,Sun,True
20260427,2026-04-27,2026,2,4,Apr,18,Mon,False
20260428,2026-04-28,2026,2,4,Apr,18,Tue,False
20260429,2026-04-29,2026,2,4,Apr,18,Wed,False
20260430,2026-04-30,2026,2,4,Apr,18,Thu,False
20260501,2026-05-01,2026,2,5,May,18,Fri,False
20260502,2026-05-02,2026,2,5,May,18,Sat,True
20260503,2026-05-03,2026,2,5,May,18,Sun,True
20260504,2026-05-04,2026,2,5,May,19,Mon,False
20260505,2026-05-05,2026,2,5,May,19,Tue,False
20260506,2026-05-06,2026,2,5,May,19,Wed,False
20260507,2026-05-07,2026,2,5,May,19,Thu,False
20260508,2026-05-08,2026,2,5,May,19,Fri,False
20260509,2026-05-09,2026,2,5,May,19,Sat,True
20260510,2026-05-10,2026,2,5,May,19,Sun,True
20260511,2026-05-11,2026,2,5,May,20,Mon,False
20260512,2026-05-12,2026,2,5,May,20,Tue,False
20260513,2026-05-13,2026,2,5,May,20,Wed,False
20260514,2026-05-14,2026,2,5,May,20,Thu,False
20260515,2026-05-15,2026,2,5,May,20,Fri,False
20260516,2026-05-16,2026,2,5,May,20,Sat,True
20260517,2026-05-17,2026,2,5,May,20,Sun,True
20260518,2026-05-18,2026,2,5,May,21,Mon,False
20260519,2026-05-19,2026,2,5,May,21,Tue,False
20260520,2026-05-20,2026,2,5,May,21,Wed,False
20260521,2026-05-21,2026,2,5,May,21,Thu,False
20260522,2026-05-22,2026,2,5,May,21,Fri,False
20260523,2026-05-23,2026,2,5,May,21,Sat,True
20260524,2026-05-24,2026,2,5,May,21,Sun,True
20260525,2026-05-25,2026,2,5,May,22,Mon,False
20260526,2026-05-26,2026,2,5,May,22,Tue,False
20260527,2026-05-27,2026,2,5,May,22,Wed,False
20260528,2026-05-28,2026,2,5,May,22,Thu,False
20260529,2026-05-29,2026,2,5,May,22,Fri,False
20260530,2026-05-30,2026,2,5,May,22,Sat,True
20260531,2026-05-31,2026,2,5,May,22,Sun,True
20260601,2026-06-01,2026,2,6,Jun,23,Mon,False
20260602,2026-06-02,2026,2,6,Jun,23,Tue,False
20260603,2026-06-03,2026,2,6,Jun,23,Wed,False
20260604,2026-06-04,2026,2,6,Jun,23,Thu,False
20260605,2026-06-05,2026,2,6,Jun,23,Fri,False
20260606,2026-06-06,2026,2,6,Jun,23,Sat,True
20260607,2026-06-07,2026,2,6,Jun,23,Sun,True
20260608,2026-06-08,2026,2,6,Jun,24,Mon,False
20260609,2026-06-09,2026,2,6,Jun,24,Tue,False
20260610,2026-06-10,2026,2,6,Jun,24,Wed,False
20260611,2026-06-11,2026,2,6,Jun,24,Thu,False
20260612,2026-06-12,2026,2,6,Jun,24,Fri,False
20260613,2026-06-13,2026,2,6,Jun,24,Sat,True
20260614,2026-06-14,2026,2,6,Jun,24,Sun,True
20260615,2026-06-15,2026,2,6,Jun,25,Mon,False
20260616,2026-06-16,2026,2,6,Jun,25,Tue,False
20260617,2026-06-17,2026,2,6,Jun,25,Wed,False
20260618,2026-06-18,2026,2,6,Jun,25,Thu,False
20260619,2026-06-19,2026,2,6,Jun,25,Fri,False
20260620,2026-06-20,2026,2,6,Jun,25,Sat,True
20260621,2026-06-21,2026,2,6,Jun,25,Sun,True
20260622,2026-06-22,2026,2,6,Jun,26,Mon,False
20260623,2026-06-23,2026,2,6,Jun,26,Tue,False
20260624,2026-06-24,2026,2,6,Jun,26,Wed,False
20260625,2026-06-25,2026,2,6,Jun,26,Thu,False
20260626,2026-06-26,2026,2,6,Jun,26,Fri,False
20260627,2026-06-27,2026,2,6,Jun,26,Sat,True
20260628,2026-06-28,2026,2,6,Jun,26,Sun,True
20260629,2026-06-29,2026,2,6,Jun,27,Mon,False
20260630,2026-06-30,2026,2,6,Jun,27,Tue,False
20260701,2026-07-01,2026,3,7,Jul,27,Wed,False
20260702,2026-07-02,2026,3,7,Jul,27,Thu,False
20260703,2026-07-03,2026,3,7,Jul,27,Fri,False
20260704,2026-07-04,2026,3,7,Jul,27,Sat,True
20260705,2026-07-05,2026,3,7,Jul,27,Sun,True
20260706,2026-07-06,2026,3,7,Jul,28,Mon,False
20260707,2026-07-07,2026,3,7,Jul,28,Tue,False
20260708,2026-07-08,2026,3,7,Jul,28,Wed,False
20260709,2026-07-09,2026,3,7,Jul,28,Thu,False
20260710,2026-07-10,2026,3,7,Jul,28,Fri,False
20260711,2026-07-11,2026,3,7,Jul,28,Sat,True
20260712,2026-07-12,2026,3,7,Jul,28,Sun,True
20260713,2026-07-13,2026,3,7,Jul,29,Mon,False
20260714,2026-07-14,2026,3,7,Jul,29,Tue,False
20260715,2026-07-15,2026,3,7,Jul,29,Wed,False
20260716,2026-07-16,2026,3,7,Jul,29,Thu,False
20260717,2026-07-17,2026,3,7,Jul,29,Fri,False
20260718,2026-07-18,2026,3,7,Jul,29,Sat,True
20260719,2026-07-19,2026,3,7,Jul,29,Sun,True
20260720,2026-07-20,2026,3,7,Jul,30,Mon,False
20260721,2026-07-21,2026,3,7,Jul,30,Tue,False
20260722,2026-07-22,2026,3,7,Jul,30,Wed,False
20260723,2026-07-23,2026,3,7,Jul,30,Thu,False
20260724,2026-07-24,2026,3,7,Jul,30,Fri,False
20260725,2026-07-25,2026,3,7,Jul,30,Sat,True
20260726,2026-07-26,2026,3,7,Jul,30,Sun,True
20260727,2026-07-27,2026,3,7,Jul,31,Mon,False
20260728,2026-07-28,2026,3,7,Jul,31,Tue,False
20260729,2026-07-29,2026,3,7,Jul,31,Wed,False
20260730,2026-07-30,2026,3,7,Jul,31,Thu,False
20260731,2026-07-31,2026,3,7,Jul,31,Fri,False
20260801,2026-08-01,2026,3,8,Aug,31,Sat,True
20260802,2026-08-02,2026,3,8,Aug,31,Sun,True
20260803,2026-08-03,2026,3,8,Aug,32,Mon,False
20260804,2026-08-04,2026,3,8,Aug,32,Tue,False
20260805,2026-08-05,2026,3,8,Aug,32,Wed,False
20260806,2026-08-06,2026,3,8,Aug,32,Thu,False
20260807,2026-08-07,2026,3,8,Aug,32,Fri,False
20260808,2026-08-08,2026,3,8,Aug,32,Sat,True
20260809,2026-08-09,2026,3,8,Aug,32,Sun,True
20260810,2026-08-10,2026,3,8,Aug,33,Mon,False
20260811,2026-08-11,2026,3,8,Aug,33,Tue,False
20260812,2026-08-12,2026,3,8,Aug,33,Wed,False
20260813,2026-08-13,2026,3,8,Aug,33,Thu,False
20260814,2026-08-14,2026,3,8,Aug,33,Fri,False
20260815,2026-08-15,2026,3,8,Aug,33,Sat,True
20260816,2026-08-16,2026,3,8,Aug,33,Sun,True
20260817,2026-08-17,2026,3,8,Aug,34,Mon,False
20260818,2026-08-18,2026,3,8,Aug,34,Tue,False
20260819,2026-08-19,2026,3,8,Aug,34,Wed,False
20260820,2026-08-20,2026,3,8,Aug,34,Thu,False
20260821,2026-08-21,2026,3,8,Aug,34,Fri,False
20260822,2026-08-22,2026,3,8,Aug,34,Sat,True
20260823,2026-08-23,2026,3,8,Aug,34,Sun,True
20260824,2026-08-24,2026,3,8,Aug,35,Mon,False
20260825,2026-08-25,2026,3,8,Aug,35,Tue,False
20260826,2026-08-26,2026,3,8,Aug,35,Wed,False
20260827,2026-08-27,2026,3,8,Aug,35,Thu,False
20260828,2026-08-28,2026,3,8,Aug,35,Fri,False
20260829,2026-08-29,2026,3,8,Aug,35,Sat,True
20260830,2026-08-30,2026,3,8,Aug,35,Sun,True
20260831,2026-08-31,2026,3,8,Aug,36,Mon,False
20260901,2026-09-01,2026,3,9,Sep,36,Tue,False
20260902,2026-09-02,2026,3,9,Sep,36,Wed,False
20260903,2026-09-03,2026,3,9,Sep,36,Thu,False
20260904,2026-09-04,2026,3,9,Sep,36,Fri,False
20260905,2026-09-05,2026,3,9,Sep,36,Sat,True
20260906,2026-09-06,2026,3,9,Sep,36,Sun,True
20260907,2026-09-07,2026,3,9,Sep,37,Mon,False
20260908,2026-09-08,2026,3,9,Sep,37,Tue,False
20260909,2026-09-09,2026,3,9,Sep,37,Wed,False
20260910,2026-09-10,2026,3,9,Sep,37,Thu,False
20260911,2026-09-11,2026,3,9,Sep,37,Fri,False
20260912,2026-09-12,2026,3,9,Sep,37,Sat,True
20260913,2026-09-13,2026,3,9,Sep,37,Sun,True
20260914,2026-09-14,2026,3,9,Sep,38,Mon,False
20260915,2026-09-15,2026,3,9,Sep,38,Tue,False
20260916,2026-09-16,2026,3,9,Sep,38,Wed,False
20260917,2026-09-17,2026,3,9,Sep,38,Thu,False
20260918,2026-09-18,2026,3,9,Sep,38,Fri,False
20260919,2026-09-19,2026,3,9,Sep,38,Sat,True
20260920,2026-09-20,2026,3,9,Sep,38,Sun,True
20260921,2026-09-21,2026,3,9,Sep,39,Mon,False
20260922,2026-09-22,2026,3,9,Sep,39,Tue,False
20260923,2026-09-23,2026,3,9,Sep,39,Wed,False
20260924,2026-09-24,2026,3,9,Sep,39,Thu,False
20260925,2026-09-25,2026,3,9,Sep,39,Fri,False
20260926,2026-09-26,2026,3,9,Sep,39,Sat,True
20260927,2026-09-27,2026,3,9,Sep,39,Sun,True
20260928,2026-09-28,2026,3,9,Sep,40,Mon,False
20260929,2026-09-29,2026,3,9,Sep,40,Tue,False
20260930,2026-09-30,2026,3,9,Sep,40,Wed,False
20261001,2026-10-01,2026,4,10,Oct,40,Thu,False
20261002,2026-10-02,2026,4,10,Oct,40,Fri,False
20261003,2026-10-03,2026,4,10,Oct,40,Sat,True
20261004,2026-10-04,2026,4,10,Oct,40,Sun,True
20261005,2026-10-05,2026,4,10,Oct,41,Mon,False
20261006,2026-10-06,2026,4,10,Oct,41,Tue,False
20261007,2026-10-07,2026,4,10,Oct,41,Wed,False
20261008,2026-10-08,2026,4,10,Oct,41,Thu,False
20261009,2026-10-09,2026,4,10,Oct,41,Fri,False
20261010,2026-10-10,2026,4,10,Oct,41,Sat,True
20261011,2026-10-11,2026,4,10,Oct,41,Sun,True
20261012,2026-10-12,2026,4,10,Oct,42,Mon,False
20261013,2026-10-13,2026,4,10,Oct,42,Tue,False
20261014,2026-10-14,2026,4,10,Oct,42,Wed,False
20261015,2026-10-15,2026,4,10,Oct,42,Thu,False
20261016,2026-10-16,2026,4,10,Oct,42,Fri,False
20261017,2026-10-17,2026,4,10,Oct,42,Sat,True
20261018,2026-10-18,2026,4,10,Oct,42,Sun,True
20261019,2026-10-19,2026,4,10,Oct,43,Mon,False
20261020,2026-10-20,2026,4,10,Oct,43,Tue,False
20261021,2026-10-21,2026,4,10,Oct,43,Wed,False
20261022,2026-10-22,2026,4,10,Oct,43,Thu,False
20261023,2026-10-23,2026,4,10,Oct,43,Fri,False
20261024,2026-10-24,2026,4,10,Oct,43,Sat,True
20261025,2026-10-25,2026,4,10,Oct,43,Sun,True
20261026,2026-10-26,2026,4,10,Oct,44,Mon,False
20261027,2026-10-27,2026,4,10,Oct,44,Tue,False
20261028,2026-10-28,2026,4,10,Oct,44,Wed,False
20261029,2026-10-29,2026,4,10,Oct,44,Thu,False
20261030,2026-10-30,2026,4,10,Oct,44,Fri,False
20261031,2026-10-31,2026,4,10,Oct,44,Sat,True
20261101,2026-11-01,2026,4,11,Nov,44,Sun,True
20261102,2026-11-02,2026,4,11,Nov,45,Mon,False
20261103,2026-11-03,2026,4,11,Nov,45,Tue,False
20261104,2026-11-04,2026,4,11,Nov,45,Wed,False
20261105,2026-11-05,2026,4,11,Nov,45,Thu,False
20261106,2026-11-06,2026,4,11,Nov,45,Fri,False
20261107,2026-11-07,2026,4,11,Nov,45,Sat,True
20261108,2026-11-08,2026,4,11,Nov,45,Sun,True
20261109,2026-11-09,2026,4,11,Nov,46,Mon,False
20261110,2026-11-10,2026,4,11,Nov,46,Tue,False
20261111,2026-11-11,2026,4,11,Nov,46,Wed,False
20261112,2026-11-12,2026,4,11,Nov,46,Thu,False
20261113,2026-11-13,2026,4,11,Nov,46,Fri,False
20261114,2026-11-14,2026,4,11,Nov,46,Sat,True
20261115,2026-11-15,2026,4,11,Nov,46,Sun,True
20261116,2026-11-16,2026,4,11,Nov,47,Mon,False
20261117,2026-11-17,2026,4,11,Nov,47,Tue,False
20261118,2026-11-18,2026,4,11,Nov,47,Wed,False
20261119,2026-11-19,2026,4,11,Nov,47,Thu,False
20261120,2026-11-20,2026,4,11,Nov,47,Fri,False
20261121,2026-11-21,2026,4,11,Nov,47,Sat,True
20261122,2026-11-22,2026,4,11,Nov,47,Sun,True
20261123,2026-11-23,2026,4,11,Nov,48,Mon,False
20261124,2026-11-24,2026,4,11,Nov,48,Tue,False
20261125,2026-11-25,2026,4,11,Nov,48,Wed,False
20261126,2026-11-26,2026,4,11,Nov,48,Thu,False
20261127,2026-11-27,2026,4,11,Nov,48,Fri,False
20261128,2026-11-28,2026,4,11,Nov,48,Sat,True
20261129,2026-11-29,2026,4,11,Nov,48,Sun,True
20261130,2026-11-30,2026,4,11,Nov,49,Mon,False
20261201,2026-12-01,2026,4,12,Dec,49,Tue,False
20261202,2026-12-02,2026,4,12,Dec,49,Wed,False
20261203,2026-12-03,2026,4,12,Dec,49,Thu,False
20261204,2026-12-04,2026,4,12,Dec,49,Fri,False
20261205,2026-12-05,2026,4,12,Dec,49,Sat,True
20261206,2026-12-06,2026,4,12,Dec,49,Sun,True
20261207,2026-12-07,2026,4,12,Dec,50,Mon,False
20261208,2026-12-08,2026,4,12,Dec,50,Tue,False
20261209,2026-12-09,2026,4,12,Dec,50,Wed,False
20261210,2026-12-10,2026,4,12,Dec,50,Thu,False
20261211,2026-12-11,2026,4,12,Dec,50,Fri,False
20261212,2026-12-12,2026,4,12,Dec,50,Sat,True
20261213,2026-12-13,2026,4,12,Dec,50,Sun,True
20261214,2026-12-14,2026,4,12,Dec,51,Mon,False
20261215,2026-12-15,2026,4,12,Dec,51,Tue,False
20261216,2026-12-16,2026,4,12,Dec,51,Wed,False
20261217,2026-12-17,2026,4,12,Dec,51,Thu,False
20261218,2026-12-18,2026,4,12,Dec,51,Fri,False
20261219,2026-12-19,2026,4,12,Dec,51,Sat,True
20261220,2026-12-20,2026,4,12,Dec,51,Sun,True
20261221,2026-12-21,2026,4,12,Dec,52,Mon,False
20261222,2026-12-22,2026,4,12,Dec,52,Tue,False
20261223,2026-12-23,2026,4,12,Dec,52,Wed,False
20261224,2026-12-24,2026,4,12,Dec,52,Thu,False
20261225,2026-12-25,2026,4,12,Dec,52,Fri,False
20261226,2026-12-26,2026,4,12,Dec,52,Sat,True
20261227,2026-12-27,2026,4,12,Dec,52,Sun,True
20261228,2026-12-28,2026,4,12,Dec,53,Mon,False
20261229,2026-12-29,2026,4,12,Dec,53,Tue,False
20261230,2026-12-30,2026,4,12,Dec,53,Wed,False
20261231,2026-12-31,2026,4,12,Dec,53,Thu,False
20270101,2027-01-01,2027,1,1,Jan,53,Fri,False
20270102,2027-01-02,2027,1,1,Jan,53,Sat,True
20270103,2027-01-03,2027,1,1,Jan,53,Sun,True
20270104,2027-01-04,2027,1,1,Jan,1,Mon,False
20270105,2027-01-05,2027,1,1,Jan,1,Tue,False
20270106,2027-01-06,2027,1,1,Jan,1,Wed,False
20270107,2027-01-07,2027,1,1,Jan,1,Thu,False
20270108,2027-01-08,2027,1,1,Jan,1,Fri,False
20270109,2027-01-09,2027,1,1,Jan,1,Sat,True
20270110,2027-01-10,2027,1,1,Jan,1,Sun,True
20270111,2027-01-11,2027,1,1,Jan,2,Mon,False
20270112,2027-01-12,2027,1,1,Jan,2,Tue,False
20270113,2027-01-13,2027,1,1,Jan,2,Wed,False
20270114,2027-01-14,2027,1,1,Jan,2,Thu,False
20270115,2027-01-15,2027,1,1,Jan,2,Fri,False
20270116,2027-01-16,2027,1,1,Jan,2,Sat,True
20270117,2027-01-17,2027,1,1,Jan,2,Sun,True
20270118,2027-01-18,2027,1,1,Jan,3,Mon,False
20270119,2027-01-19,2027,1,1,Jan,3,Tue,False
20270120,2027-01-20,2027,1,1,Jan,3,Wed,False
20270121,2027-01-21,2027,1,1,Jan,3,Thu,False
20270122,2027-01-22,2027,1,1,Jan,3,Fri,False
20270123,2027-01-23,2027,1,1,Jan,3,Sat,True
20270124,2027-01-24,2027,1,1,Jan,3,Sun,True
20270125,2027-01-25,2027,1,1,Jan,4,Mon,False
20270126,2027-01-26,2027,1,1,Jan,4,Tue,False
20270127,2027-01-27,2027,1,1,Jan,4,Wed,False
20270128,2027-01-28,2027,1,1,Jan,4,Thu,False
20270129,2027-01-29,2027,1,1,Jan,4,Fri,False
20270130,2027-01-30,2027,1,1,Jan,4,Sat,True
20270131,2027-01-31,2027,1,1,Jan,4,Sun,True
20270201,2027-02-01,2027,1,2,Feb,5,Mon,False
20270202,2027-02-02,2027,1,2,Feb,5,Tue,False
20270203,2027-02-03,2027,1,2,Feb,5,Wed,False
20270204,2027-02-04,2027,1,2,Feb,5,Thu,False
20270205,2027-02-05,2027,1,2,Feb,5,Fri,False
20270206,2027-02-06,2027,1,2,Feb,5,Sat,True
20270207,2027-02-07,2027,1,2,Feb,5,Sun,True
20270208,2027-02-08,2027,1,2,Feb,6,Mon,False
20270209,2027-02-09,2027,1,2,Feb,6,Tue,False
20270210,2027-02-10,2027,1,2,Feb,6,Wed,False
20270211,2027-02-11,2027,1,2,Feb,6,Thu,False
20270212,2027-02-12,2027,1,2,Feb,6,Fri,False
20270213,2027-02-13,2027,1,2,Feb,6,Sat,True
20270214,2027-02-14,2027,1,2,Feb,6,Sun,True
20270215,2027-02-15,2027,1,2,Feb,7,Mon,False
20270216,2027-02-16,2027,1,2,Feb,7,Tue,False
20270217,2027-02-17,2027,1,2,Feb,7,Wed,False
20270218,2027-02-18,2027,1,2,Feb,7,Thu,False
20270219,2027-02-19,2027,1,2,Feb,7,Fri,False
20270220,2027-02-20,2027,1,2,Feb,7,Sat,True
20270221,2027-02-21,2027,1,2,Feb,7,Sun,True
20270222,2027-02-22,2027,1,2,Feb,8,Mon,False
20270223,2027-02-23,2027,1,2,Feb,8,Tue,False
20270224,2027-02-24,2027,1,2,Feb,8,Wed,False
20270225,2027-02-25,2027,1,2,Feb,8,Thu,False
20270226,2027-02-26,2027,1,2,Feb,8,Fri,False
20270227,2027-02-27,2027,1,2,Feb,8,Sat,True
20270228,2027-02-28,2027,1,2,Feb,8,Sun,True
20270301,2027-03-01,2027,1,3,Mar,9,Mon,False
20270302,2027-03-02,2027,1,3,Mar,9,Tue,False
20270303,2027-03-03,2027,1,3,Mar,9,Wed,False
20270304,2027-03-04,2027,1,3,Mar,9,Thu,False
20270305,2027-03-05,2027,1,3,Mar,9,Fri,False
20270306,2027-03-06,2027,1,3,Mar,9,Sat,True
20270307,2027-03-07,2027,1,3,Mar,9,Sun,True
20270308,2027-03-08,2027,1,3,Mar,10,Mon,False
20270309,2027-03-09,2027,1,3,Mar,10,Tue,False
20270310,2027-03-10,2027,1,3,Mar,10,Wed,False
20270311,2027-03-11,2027,1,3,Mar,10,Thu,False
20270312,2027-03-12,2027,1,3,Mar,10,Fri,False
20270313,2027-03-13,2027,1,3,Mar,10,Sat,True
20270314,2027-03-14,2027,1,3,Mar,10,Sun,True
20270315,2027-03-15,2027,1,3,Mar,11,Mon,False
20270316,2027-03-16,2027,1,3,Mar,11,Tue,False
20270317,2027-03-17,2027,1,3,Mar,11,Wed,False
20270318,2027-03-18,2027,1,3,Mar,11,Thu,False
20270319,2027-03-19,2027,1,3,Mar,11,Fri,False
20270320,2027-03-20,2027,1,3,Mar,11,Sat,True
20270321,2027-03-21,2027,1,3,Mar,11,Sun,True
20270322,2027-03-22,2027,1,3,Mar,12,Mon,False
20270323,2027-03-23,2027,1,3,Mar,12,Tue,False
20270324,2027-03-24,2027,1,3,Mar,12,Wed,False
20270325,2027-03-25,2027,1,3,Mar,12,Thu,False
20270326,2027-03-26,2027,1,3,Mar,12,Fri,False
20270327,2027-03-27,2027,1,3,Mar,12,Sat,True
20270328,2027-03-28,2027,1,3,Mar,12,Sun,True
20270329,2027-03-29,2027,1,3,Mar,13,Mon,False
20270330,2027-03-30,2027,1,3,Mar,13,Tue,False
20270331,2027-03-31,2027,1,3,Mar,13,Wed,False
20270401,2027-04-01,2027,2,4,Apr,13,Thu,False
20270402,2027-04-02,2027,2,4,Apr,13,Fri,False
20270403,2027-04-03,2027,2,4,Apr,13,Sat,True
20270404,2027-04-04,2027,2,4,Apr,13,Sun,True
20270405,2027-04-05,2027,2,4,Apr,14,Mon,False
20270406,2027-04-06,2027,2,4,Apr,14,Tue,False
20270407,2027-04-07,2027,2,4,Apr,14,Wed,False
20270408,2027-04-08,2027,2,4,Apr,14,Thu,False
20270409,2027-04-09,2027,2,4,Apr,14,Fri,False
20270410,2027-04-10,2027,2,4,Apr,14,Sat,True
20270411,2027-04-11,2027,2,4,Apr,14,Sun,True
20270412,2027-04-12,2027,2,4,Apr,15,Mon,False
20270413,2027-04-13,2027,2,4,Apr,15,Tue,False
20270414,2027-04-14,2027,2,4,Apr,15,Wed,False
20270415,2027-04-15,2027,2,4,Apr,15,Thu,False
20270416,2027-04-16,2027,2,4,Apr,15,Fri,False
20270417,2027-04-17,2027,2,4,Apr,15,Sat,True
20270418,2027-04-18,2027,2,4,Apr,15,Sun,True
20270419,2027-04-19,2027,2,4,Apr,16,Mon,False
20270420,2027-04-20,2027,2,4,Apr,16,Tue,False
20270421,2027-04-21,2027,2,4,Apr,16,Wed,False
20270422,2027-04-22,2027,2,4,Apr,16,Thu,False
20270423,2027-04-23,2027,2,4,Apr,16,Fri,False
20270424,2027-04-24,2027,2,4,Apr,16,Sat,True
20270425,2027-04-25,2027,2,4,Apr,16,Sun,True
20270426,2027-04-26,2027,2,4,Apr,17,Mon,False
20270427,2027-04-27,2027,2,4,Apr,17,Tue,False
20270428,2027-04-28,2027,2,4,Apr,17,Wed,False
20270429,2027-04-29,2027,2,4,Apr,17,Thu,False
20270430,2027-04-30,2027,2,4,Apr,17,Fri,False
20270501,2027-05-01,2027,2,5,May,17,Sat,True
20270502,2027-05-02,2027,2,5,May,17,Sun,True
20270503,2027-05-03,2027,2,5,May,18,Mon,False
20270504,2027-05-04,2027,2,5,May,18,Tue,False
20270505,2027-05-05,2027,2,5,May,18,Wed,False
20270506,2027-05-06,2027,2,5,May,18,Thu,False
20270507,2027-05-07,2027,2,5,May,18,Fri,False
20270508,2027-05-08,2027,2,5,May,18,Sat,True
20270509,2027-05-09,2027,2,5,May,18,Sun,True
20270510,2027-05-10,2027,2,5,May,19,Mon,False
20270511,2027-05-11,2027,2,5,May,19,Tue,False
20270512,2027-05-12,2027,2,5,May,19,Wed,False
20270513,2027-05-13,2027,2,5,May,19,Thu,False
20270514,2027-05-14,2027,2,5,May,19,Fri,False
20270515,2027-05-15,2027,2,5,May,19,Sat,True
20270516,2027-05-16,2027,2,5,May,19,Sun,True
20270517,2027-05-17,2027,2,5,May,20,Mon,False
20270518,2027-05-18,2027,2,5,May,20,Tue,False
20270519,2027-05-19,2027,2,5,May,20,Wed,False
20270520,2027-05-20,2027,2,5,May,20,Thu,False
20270521,2027-05-21,2027,2,5,May,20,Fri,False
20270522,2027-05-22,2027,2,5,May,20,Sat,True
20270523,2027-05-23,2027,2,5,May,20,Sun,True
20270524,2027-05-24,2027,2,5,May,21,Mon,False
20270525,2027-05-25,2027,2,5,May,21,Tue,False
20270526,2027-05-26,2027,2,5,May,21,Wed,False
20270527,2027-05-27,2027,2,5,May,21,Thu,False
20270528,2027-05-28,2027,2,5,May,21,Fri,False
20270529,2027-05-29,2027,2,5,May,21,Sat,True
20270530,2027-05-30,2027,2,5,May,21,Sun,True
20270531,2027-05-31,2027,2,5,May,22,Mon,False
20270601,2027-06-01,2027,2,6,Jun,22,Tue,False
20270602,2027-06-02,2027,2,6,Jun,22,Wed,False
20270603,2027-06-03,2027,2,6,Jun,22,Thu,False
20270604,2027-06-04,2027,2,6,Jun,22,Fri,False
20270605,2027-06-05,2027,2,6,Jun,22,Sat,True
20270606,2027-06-06,2027,2,6,Jun,22,Sun,True
20270607,2027-06-07,2027,2,6,Jun,23,Mon,False
20270608,2027-06-08,2027,2,6,Jun,23,Tue,False
20270609,2027-06-09,2027,2,6,Jun,23,Wed,False
20270610,2027-06-10,2027,2,6,Jun,23,Thu,False
20270611,2027-06-11,2027,2,6,Jun,23,Fri,False
20270612,2027-06-12,2027,2,6,Jun,23,Sat,True
20270613,2027-06-13,2027,2,6,Jun,23,Sun,True
20270614,2027-06-14,2027,2,6,Jun,24,Mon,False
20270615,2027-06-15,2027,2,6,Jun,24,Tue,False
20270616,2027-06-16,2027,2,6,Jun,24,Wed,False
20270617,2027-06-17,2027,2,6,Jun,24,Thu,False
20270618,2027-06-18,2027,2,6,Jun,24,Fri,False
20270619,2027-06-19,2027,2,6,Jun,24,Sat,True
20270620,2027-06-20,2027,2,6,Jun,24,Sun,True
20270621,2027-06-21,2027,2,6,Jun,25,Mon,False
20270622,2027-06-22,2027,2,6,Jun,25,Tue,False
20270623,2027-06-23,2027,2,6,Jun,25,Wed,False
20270624,2027-06-24,2027,2,6,Jun,25,Thu,False
20270625,2027-06-25,2027,2,6,Jun,25,Fri,False
20270626,2027-06-26,2027,2,6,Jun,25,Sat,True
20270627,2027-06-27,2027,2,6,Jun,25,Sun,True
20270628,2027-06-28,2027,2,6,Jun,26,Mon,False
20270629,2027-06-29,2027,2,6,Jun,26,Tue,False
20270630,2027-06-30,2027,2,6,Jun,26,Wed,False
20270701,2027-07-01,2027,3,7,Jul,26,Thu,False
20270702,2027-07-02,2027,3,7,Jul,26,Fri,False
20270703,2027-07-03,2027,3,7,Jul,26,Sat,True
20270704,2027-07-04,2027,3,7,Jul,26,Sun,True
20270705,2027-07-05,2027,3,7,Jul,27,Mon,False
20270706,2027-07-06,2027,3,7,Jul,27,Tue,False
20270707,2027-07-07,2027,3,7,Jul,27,Wed,False
20270708,2027-07-08,2027,3,7,Jul,27,Thu,False
20270709,2027-07-09,2027,3,7,Jul,27,Fri,False
20270710,2027-07-10,2027,3,7,Jul,27,Sat,True
20270711,2027-07-11,2027,3,7,Jul,27,Sun,True
20270712,2027-07-12,2027,3,7,Jul,28,Mon,False
20270713,2027-07-13,2027,3,7,Jul,28,Tue,False
20270714,2027-07-14,2027,3,7,Jul,28,Wed,False
20270715,2027-07-15,2027,3,7,Jul,28,Thu,False
20270716,2027-07-16,2027,3,7,Jul,28,Fri,False
20270717,2027-07-17,2027,3,7,Jul,28,Sat,True
20270718,2027-07-18,2027,3,7,Jul,28,Sun,True
20270719,2027-07-19,2027,3,7,Jul,29,Mon,False
20270720,2027-07-20,2027,3,7,Jul,29,Tue,False
20270721,2027-07-21,2027,3,7,Jul,29,Wed,False
20270722,2027-07-22,2027,3,7,Jul,29,Thu,False
20270723,2027-07-23,2027,3,7,Jul,29,Fri,False
20270724,2027-07-24,2027,3,7,Jul,29,Sat,True
20270725,2027-07-25,2027,3,7,Jul,29,Sun,True
20270726,2027-07-26,2027,3,7,Jul,30,Mon,False
20270727,2027-07-27,2027,3,7,Jul,30,Tue,False
20270728,2027-07-28,2027,3,7,Jul,30,Wed,False
20270729,2027-07-29,2027,3,7,Jul,30,Thu,False
20270730,2027-07-30,2027,3,7,Jul,30,Fri,False
20270731,2027-07-31,2027,3,7,Jul,30,Sat,True
20270801,2027-08-01,2027,3,8,Aug,30,Sun,True
20270802,2027-08-02,2027,3,8,Aug,31,Mon,False
20270803,2027-08-03,2027,3,8,Aug,31,Tue,False
20270804,2027-08-04,2027,3,8,Aug,31,Wed,False
20270805,2027-08-05,2027,3,8,Aug,31,Thu,False
20270806,2027-08-06,2027,3,8,Aug,31,Fri,False
20270807,2027-08-07,2027,3,8,Aug,31,Sat,True
20270808,2027-08-08,2027,3,8,Aug,31,Sun,True
20270809,2027-08-09,2027,3,8,Aug,32,Mon,False
20270810,2027-08-10,2027,3,8,Aug,32,Tue,False
20270811,2027-08-11,2027,3,8,Aug,32,Wed,False
20270812,2027-08-12,2027,3,8,Aug,32,Thu,False
20270813,2027-08-13,2027,3,8,Aug,32,Fri,False
20270814,2027-08-14,2027,3,8,Aug,32,Sat,True
20270815,2027-08-15,2027,3,8,Aug,32,Sun,True
20270816,2027-08-16,2027,3,8,Aug,33,Mon,False
20270817,2027-08-17,2027,3,8,Aug,33,Tue,False
20270818,2027-08-18,2027,3,8,Aug,33,Wed,False
20270819,2027-08-19,2027,3,8,Aug,33,Thu,False
20270820,2027-08-20,2027,3,8,Aug,33,Fri,False
20270821,2027-08-21,2027,3,8,Aug,33,Sat,True
20270822,2027-08-22,2027,3,8,Aug,33,Sun,True
20270823,2027-08-23,2027,3,8,Aug,34,Mon,False
20270824,2027-08-24,2027,3,8,Aug,34,Tue,False
20270825,2027-08-25,2027,3,8,Aug,34,Wed,False
20270826,2027-08-26,2027,3,8,Aug,34,Thu,False
20270827,2027-08-27,2027,3,8,Aug,34,Fri,False
20270828,2027-08-28,2027,3,8,Aug,34,Sat,True
20270829,2027-08-29,2027,3,8,Aug,34,Sun,True
20270830,2027-08-30,2027,3,8,Aug,35,Mon,False
20270831,2027-08-31,2027,3,8,Aug,35,Tue,False
20270901,2027-09-01,2027,3,9,Sep,35,Wed,False
20270902,2027-09-02,2027,3,9,Sep,35,Thu,False
20270903,2027-09-03,2027,3,9,Sep,35,Fri,False
20270904,2027-09-04,2027,3,9,Sep,35,Sat,True
20270905,2027-09-05,2027,3,9,Sep,35,Sun,True
20270906,2027-09-06,2027,3,9,Sep,36,Mon,False
20270907,2027-09-07,2027,3,9,Sep,36,Tue,False
20270908,2027-09-08,2027,3,9,Sep,36,Wed,False
20270909,2027-09-09,2027,3,9,Sep,36,Thu,False
20270910,2027-09-10,2027,3,9,Sep,36,Fri,False
20270911,2027-09-11,2027,3,9,Sep,36,Sat,True
20270912,2027-09-12,2027,3,9,Sep,36,Sun,True
20270913,2027-09-13,2027,3,9,Sep,37,Mon,False
20270914,2027-09-14,2027,3,9,Sep,37,Tue,False
20270915,2027-09-15,2027,3,9,Sep,37,Wed,False
20270916,2027-09-16,2027,3,9,Sep,37,Thu,False
20270917,2027-09-17,2027,3,9,Sep,37,Fri,False
20270918,2027-09-18,2027,3,9,Sep,37,Sat,True
20270919,2027-09-19,2027,3,9,Sep,37,Sun,True
20270920,2027-09-20,2027,3,9,Sep,38,Mon,False
20270921,2027-09-21,2027,3,9,Sep,38,Tue,False
20270922,2027-09-22,2027,3,9,Sep,38,Wed,False
20270923,2027-09-23,2027,3,9,Sep,38,Thu,False
20270924,2027-09-24,2027,3,9,Sep,38,Fri,False
20270925,2027-09-25,2027,3,9,Sep,38,Sat,True
20270926,2027-09-26,2027,3,9,Sep,38,Sun,True
20270927,2027-09-27,2027,3,9,Sep,39,Mon,False
20270928,2027-09-28,2027,3,9,Sep,39,Tue,False
20270929,2027-09-29,2027,3,9,Sep,39,Wed,False
20270930,2027-09-30,2027,3,9,Sep,39,Thu,False
20271001,2027-10-01,2027,4,10,Oct,39,Fri,False
20271002,2027-10-02,2027,4,10,Oct,39,Sat,True
20271003,2027-10-03,2027,4,10,Oct,39,Sun,True
20271004,2027-10-04,2027,4,10,Oct,40,Mon,False
20271005,2027-10-05,2027,4,10,Oct,40,Tue,False
20271006,2027-10-06,2027,4,10,Oct,40,Wed,False
20271007,2027-10-07,2027,4,10,Oct,40,Thu,False
20271008,2027-10-08,2027,4,10,Oct,40,Fri,False
20271009,2027-10-09,2027,4,10,Oct,40,Sat,True
20271010,2027-10-10,2027,4,10,Oct,40,Sun,True
20271011,2027-10-11,2027,4,10,Oct,41,Mon,False
20271012,2027-10-12,2027,4,10,Oct,41,Tue,False
20271013,2027-10-13,2027,4,10,Oct,41,Wed,False
20271014,2027-10-14,2027,4,10,Oct,41,Thu,False
20271015,2027-10-15,2027,4,10,Oct,41,Fri,False
20271016,2027-10-16,2027,4,10,Oct,41,Sat,True
20271017,2027-10-17,2027,4,10,Oct,41,Sun,True
20271018,2027-10-18,2027,4,10,Oct,42,Mon,False
20271019,2027-10-19,2027,4,10,Oct,42,Tue,False
20271020,2027-10-20,2027,4,10,Oct,42,Wed,False
20271021,2027-10-21,2027,4,10,Oct,42,Thu,False
20271022,2027-10-22,2027,4,10,Oct,42,Fri,False
20271023,2027-10-23,2027,4,10,Oct,42,Sat,True
20271024,2027-10-24,2027,4,10,Oct,42,Sun,True
20271025,2027-10-25,2027,4,10,Oct,43,Mon,False
20271026,2027-10-26,2027,4,10,Oct,43,Tue,False
20271027,2027-10-27,2027,4,10,Oct,43,Wed,False
20271028,2027-10-28,2027,4,10,Oct,43,Thu,False
20271029,2027-10-29,2027,4,10,Oct,43,Fri,False
20271030,2027-10-30,2027,4,10,Oct,43,Sat,True
20271031,2027-10-31,2027,4,10,Oct,43,Sun,True
20271101,2027-11-01,2027,4,11,Nov,44,Mon,False
20271102,2027-11-02,2027,4,11,Nov,44,Tue,False
20271103,2027-11-03,2027,4,11,Nov,44,Wed,False
20271104,2027-11-04,2027,4,11,Nov,44,Thu,False
20271105,2027-11-05,2027,4,11,Nov,44,Fri,False
20271106,2027-11-06,2027,4,11,Nov,44,Sat,True
20271107,2027-11-07,2027,4,11,Nov,44,Sun,True
20271108,2027-11-08,2027,4,11,Nov,45,Mon,False
20271109,2027-11-09,2027,4,11,Nov,45,Tue,False
20271110,2027-11-10,2027,4,11,Nov,45,Wed,False
20271111,2027-11-11,2027,4,11,Nov,45,Thu,False
20271112,2027-11-12,2027,4,11,Nov,45,Fri,False
20271113,2027-11-13,2027,4,11,Nov,45,Sat,True
20271114,2027-11-14,2027,4,11,Nov,45,Sun,True
20271115,2027-11-15,2027,4,11,Nov,46,Mon,False
20271116,2027-11-16,2027,4,11,Nov,46,Tue,False
20271117,2027-11-17,2027,4,11,Nov,46,Wed,False
20271118,2027-11-18,2027,4,11,Nov,46,Thu,False
20271119,2027-11-19,2027,4,11,Nov,46,Fri,False
20271120,2027-11-20,2027,4,11,Nov,46,Sat,True
20271121,2027-11-21,2027,4,11,Nov,46,Sun,True
20271122,2027-11-22,2027,4,11,Nov,47,Mon,False
20271123,2027-11-23,2027,4,11,Nov,47,Tue,False
20271124,2027-11-24,2027,4,11,Nov,47,Wed,False
20271125,2027-11-25,2027,4,11,Nov,47,Thu,False
20271126,2027-11-26,2027,4,11,Nov,47,Fri,False
20271127,2027-11-27,2027,4,11,Nov,47,Sat,True
20271128,2027-11-28,2027,4,11,Nov,47,Sun,True
20271129,2027-11-29,2027,4,11,Nov,48,Mon,False
20271130,2027-11-30,2027,4,11,Nov,48,Tue,False
20271201,2027-12-01,2027,4,12,Dec,48,Wed,False
20271202,2027-12-02,2027,4,12,Dec,48,Thu,False
20271203,2027-12-03,2027,4,12,Dec,48,Fri,False
20271204,2027-12-04,2027,4,12,Dec,48,Sat,True
20271205,2027-12-05,2027,4,12,Dec,48,Sun,True
20271206,2027-12-06,2027,4,12,Dec,49,Mon,False
20271207,2027-12-07,2027,4,12,Dec,49,Tue,False
20271208,2027-12-08,2027,4,12,Dec,49,Wed,False
20271209,2027-12-09,2027,4,12,Dec,49,Thu,False
20271210,2027-12-10,2027,4,12,Dec,49,Fri,False
20271211,2027-12-11,2027,4,12,Dec,49,Sat,True
20271212,2027-12-12,2027,4,12,Dec,49,Sun,True
20271213,2027-12-13,2027,4,12,Dec,50,Mon,False
20271214,2027-12-14,2027,4,12,Dec,50,Tue,False
20271215,2027-12-15,2027,4,12,Dec,50,Wed,False
20271216,2027-12-16,2027,4,12,Dec,50,Thu,False
20271217,2027-12-17,2027,4,12,Dec,50,Fri,False
20271218,2027-12-18,2027,4,12,Dec,50,Sat,True
20271219,2027-12-19,2027,4,12,Dec,50,Sun,True
20271220,2027-12-20,2027,4,12,Dec,51,Mon,False
20271221,2027-12-21,2027,4,12,Dec,51,Tue,False
20271222,2027-12-22,2027,4,12,Dec,51,Wed,False
20271223,2027-12-23,2027,4,12,Dec,51,Thu,False
20271224,2027-12-24,2027,4,12,Dec,51,Fri,False
20271225,2027-12-25,2027,4,12,Dec,51,Sat,True
20271226,2027-12-26,2027,4,12,Dec,51,Sun,True
20271227,2027-12-27,2027,4,12,Dec,52,Mon,False
20271228,2027-12-28,2027,4,12,Dec,52,Tue,False
20271229,2027-12-29,2027,4,12,Dec,52,Wed,False
20271230,2027-12-30,2027,4,12,Dec,52,Thu,False
20271231,2027-12-31,2027,4,12,Dec,52,Fri,False
